id_estudiante;estado_inscripcion;ingreso_aprobadas;ingreso_libres;ingreso_totales;cursadas_aprobadas;cursadas_regulares;cursadas_libres;cursadas_totales;inscripciones_examenes;examenes_aprobados;err_formato_matricula;regla_estado_inscripcion
CA-015876-9;Pendiente;2;0;2;0;0;0;3;0;0;True;ok
CB-015876-0;Pendiente;2;0;2;0;0;0;3;0;0;True;ok
CA-016187-5;Pendiente;2;0;2;0;0;0;3;0;0;True;ok
CA-016558-7;Pendiente;2;0;2;0;0;0;3;0;0;True;ok
CA-016079-8;Pendiente;2;0;2;0;0;0;3;0;0;True;ok
CB-016079-9;Pendiente;2;0;2;0;0;0;3;0;0;True;ok
CC-016079-8;Pendiente;2;0;2;0;0;0;3;0;0;True;ok
CA-016164-6;Pendiente;0;2;2;0;0;0;3;0;0;True;ok
CA-016551-0;Aceptado;1;1;2;0;0;3;3;0;0;True;
CA-016538-2;Aceptado;1;1;2;0;0;3;3;0;0;True;
CD-016538-6;Aceptado;0;2;2;0;0;5;5;0;0;True;
CA-016224-3;Pendiente;1;1;2;0;0;0;3;0;0;True;ok
CA-016150-6;Aceptado;1;1;2;1;0;2;3;0;0;True;
CA-007425-5;Aceptado;1;1;2;0;2;1;3;0;0;True;
CA-016566-8;Aceptado;1;1;2;0;1;2;3;0;0;True;
CA-016226-0;Pendiente;2;0;2;0;0;0;3;0;0;True;ok
CA-016529-3;Pendiente;0;2;2;0;0;0;3;0;0;True;ok
CA-016549-8;Pendiente;2;0;2;0;0;0;3;0;0;True;ok
CA-016159-0;Pendiente;1;1;2;0;0;0;3;0;0;True;ok
CA-016156-5;Aceptado;0;2;2;1;1;1;3;0;0;True;
CA-016535-8;Aceptado;1;1;2;0;0;3;3;0;0;True;
CA-016236-7;Pendiente;2;0;2;0;0;0;3;0;0;True;ok
CA-016175-1;Pendiente;2;0;2;0;0;0;3;0;0;True;ok
CA-007459-0;Aceptado;1;1;2;1;0;2;3;0;0;True;
CA-013037-6;Aceptado;1;1;2;2;0;1;3;0;0;True;
CA-016201-4;Aceptado;0;2;2;0;0;3;3;0;0;True;
CA-016173-5;Pendiente;1;1;2;0;0;0;3;0;0;True;ok
CA-016791-1;Aceptado;1;1;2;0;1;2;3;0;0;True;
CA-016522-6;Pendiente;1;1;2;0;0;0;3;0;0;True;ok
CA-016540-4;Pendiente;2;0;2;0;0;0;3;0;0;True;ok
CA-016574-9;Aceptado;2;0;2;0;1;2;3;0;0;True;
CA-010330-1;Aceptado;1;1;2;1;1;1;3;0;0;True;
CC-010330-1;Aceptado;1;1;2;0;1;2;3;0;0;True;
CA-016155-7;Aceptado;1;1;2;0;0;3;3;0;0;True;
CA-016795-4;Aceptado;1;1;2;0;0;3;3;0;0;True;
CA-016213-8;Aceptado;1;1;2;0;1;2;3;0;0;True;
CA-016210-3;Aceptado;0;2;2;0;0;3;3;0;0;True;
CA-016162-0;Pendiente;2;0;2;0;0;0;3;0;0;True;ok
CA-016577-3;Pendiente;1;1;2;0;0;0;3;0;0;True;ok
CA-016545-5;Aceptado;1;1;2;0;0;3;3;0;0;True;
CA-003269-2;Aceptado;1;1;2;0;0;3;3;0;0;True;
CA-016220-1;Pendiente;1;1;2;0;0;0;3;0;0;True;ok
CA-016160-3;Pendiente;2;0;2;0;0;0;3;0;0;True;ok
CA-016225-1;Pendiente;2;0;2;0;0;0;3;0;0;True;ok
CA-010656-4;Aceptado;1;1;2;0;0;3;3;0;0;True;
CA-016537-4;Pendiente;1;1;2;0;0;0;3;1;0;True;err
CA-016546-3;Pendiente;2;0;2;0;0;0;3;0;0;True;ok
CA-015902-1;Pendiente;1;1;2;0;0;0;3;0;0;True;ok
CB-015902-2;Pendiente;2;0;2;0;0;0;3;0;0;True;ok
CA-016553-6;Pendiente;1;1;2;0;0;0;3;0;0;True;ok
CA-015912-9;Aceptado;2;0;2;0;0;3;3;0;0;True;
CB-015912-0;Aceptado;1;1;2;1;2;0;3;0;0;True;
CA-015047-4;Aceptado;2;0;2;1;1;1;3;0;0;True;
CA-016170-1;Aceptado;1;1;2;0;0;3;3;0;0;True;
CA-016539-1;Pendiente;1;1;2;0;0;0;3;0;0;True;ok
CA-016196-4;Aceptado;2;0;2;0;1;2;3;0;0;True;
CA-016547-1;Pendiente;2;0;2;0;0;0;3;0;0;True;ok
CA-008316-5;Aceptado;1;1;2;1;0;2;3;0;0;True;
CA-016199-9;Pendiente;1;1;2;0;0;0;3;0;0;True;ok
CA-015852-1;Pendiente;1;1;2;0;0;0;3;0;0;True;ok
CB-015852-2;Pendiente;0;2;2;0;0;0;3;0;0;True;ok
CA-016176-0;Pendiente;1;1;2;0;0;0;3;0;0;True;ok
CA-016207-3;Aceptado;0;2;2;0;1;2;3;0;0;True;
CA-016576-5;Aceptado;0;2;2;0;1;2;3;0;0;True;
CA-016203-1;Pendiente;1;1;2;0;0;0;3;0;0;True;ok
CA-016568-4;Aceptado;1;1;2;0;0;3;3;1;1;True;
CA-016244-8;Pendiente;0;2;2;0;0;0;3;0;0;True;ok
CA-016217-1;Pendiente;2;0;2;0;0;0;3;0;0;True;ok
CA-016179-4;Pendiente;2;0;2;0;0;0;3;0;0;True;ok
CA-009394-2;Aceptado;2;0;2;1;1;1;3;0;0;True;
CA-016246-4;Pendiente;1;1;2;0;0;0;3;0;0;True;ok
CA-004968-4;Aceptado;0;2;2;0;0;3;3;0;0;True;
CA-016804-7;Pendiente;1;1;2;0;0;0;3;0;0;True;ok
CA-017498-5;Aceptado;2;0;2;0;1;2;3;0;0;True;
CA-016144-1;Aceptado;1;1;2;1;0;2;3;0;0;True;
CA-016536-6;Aceptado;1;1;2;1;0;2;3;0;0;True;
CA-015899-8;Aceptado;1;1;2;1;0;2;3;0;0;True;
CB-015899-9;Aceptado;2;0;2;1;0;2;3;0;0;True;
CA-016205-7;Pendiente;2;0;2;0;0;0;3;0;0;True;ok
CA-016561-7;Aceptado;0;2;2;0;2;1;3;0;0;True;
CA-016222-7;Pendiente;1;1;2;0;0;0;3;0;0;True;ok
CA-016227-8;Aceptado;0;2;2;0;1;2;3;0;0;True;
CA-016567-6;Aceptado;1;1;2;1;0;2;3;0;0;True;
CA-016562-5;Aceptado;1;1;2;1;1;1;3;1;0;True;
CA-016186-7;Pendiente;1;1;2;0;0;0;3;0;0;True;ok
CC-016186-7;Pendiente;0;2;2;0;0;0;3;0;0;True;ok
CA-016571-4;Pendiente;2;0;2;0;0;0;3;0;0;True;ok
CA-016185-9;Aceptado;1;1;2;0;1;2;3;0;0;True;
CA-016158-1;Pendiente;1;1;2;0;0;0;3;0;0;True;ok
CA-016218-9;Pendiente;1;1;2;0;0;0;3;0;0;True;ok
CA-016533-1;Aceptado;1;1;2;0;0;3;3;0;0;True;
CA-016248-1;Pendiente;0;2;2;0;0;0;3;0;0;True;ok
CA-016188-3;Pendiente;1;1;2;0;0;0;3;0;0;True;ok
CA-016569-2;Aceptado;1;1;2;0;0;3;3;0;0;True;
CA-008718-7;Aceptado;2;0;2;0;1;2;3;0;0;True;
CA-016198-1;Pendiente;2;0;2;0;0;0;3;0;0;True;ok
CA-011515-6;Aceptado;1;1;2;0;2;1;3;0;0;True;
CA-016174-3;Pendiente;2;0;2;0;0;0;3;0;0;True;ok
CA-016161-1;Pendiente;2;0;2;0;0;0;3;0;0;True;ok
CA-009376-4;Aceptado;1;1;2;1;1;1;3;0;0;True;
CA-015853-0;Pendiente;1;1;2;0;0;0;3;0;0;True;ok
CB-015853-1;Pendiente;0;2;2;0;0;0;3;0;0;True;ok
CA-016200-6;Aceptado;1;1;2;1;0;2;3;0;0;True;
CA-016575-7;Pendiente;1;1;2;0;0;0;3;1;1;True;err
CA-016241-3;Aceptado;2;0;2;0;1;2;3;0;0;True;
CA-015910-2;Pendiente;2;0;2;0;0;0;3;0;0;True;ok
CB-015910-3;Pendiente;2;0;2;0;0;0;3;0;0;True;ok
CA-016230-8;Pendiente;1;1;2;0;0;0;3;0;0;True;ok
CA-016215-4;Pendiente;2;0;2;0;0;0;3;0;0;True;ok
CA-114231-9;Aceptado;1;1;2;1;0;2;3;0;0;True;
CA-016564-1;Aceptado;0;2;2;1;1;1;3;0;0;True;
CA-016231-6;Aceptado;2;0;2;0;0;3;3;0;0;True;
CA-016240-5;Pendiente;1;1;2;0;0;0;3;0;0;True;ok
CA-016181-6;Aceptado;1;1;2;1;1;1;3;0;0;True;
CA-016776-8;Pendiente;2;0;2;0;0;0;3;0;0;True;ok
CA-016243-0;Aceptado;1;1;2;0;1;2;3;0;0;True;
CA-016247-2;Aceptado;2;0;2;0;2;1;3;0;0;True;
CA-016148-4;Aceptado;1;1;2;0;0;3;3;0;0;True;
CA-016154-9;Aceptado;2;0;2;0;2;1;3;0;0;True;
CD-016154-2;Aceptado;1;1;2;0;1;4;5;0;0;True;
CA-016559-5;Pendiente;2;0;2;0;0;0;3;0;0;True;ok
CC-016559-5;Pendiente;0;2;2;0;0;0;3;0;0;True;ok
CA-016531-5;Aceptado;1;1;2;3;0;0;3;0;0;True;
CA-016143-3;Aceptado;1;1;2;1;0;2;3;0;0;True;
CA-016202-2;Pendiente;1;1;2;0;0;0;3;0;0;True;ok
CE-016202-3;Pendiente;1;0;1;0;0;0;5;0;0;True;ok
CA-016237-5;Aceptado;2;0;2;1;0;2;3;1;1;True;
CA-009540-6;Aceptado;1;1;2;0;1;2;3;0;0;True;
CA-016206-5;Aceptado;2;0;2;1;1;1;3;1;1;True;
CA-007408-5;Aceptado;1;1;2;1;0;2;3;0;0;True;
CA-015081-4;Pendiente;1;1;2;0;0;0;3;0;0;True;ok
CA-016182-4;Pendiente;1;1;2;0;0;0;3;0;0;True;ok
CA-016193-0;Pendiente;1;1;2;0;0;0;3;0;0;True;ok
CA-016245-6;Pendiente;2;0;2;0;0;0;3;0;0;True;ok
CA-016494-7;Pendiente;2;0;2;0;0;0;3;0;0;True;ok
CB-016494-8;Pendiente;1;1;2;0;0;0;3;0;0;True;ok
CA-016195-6;Pendiente;2;0;2;0;0;0;3;0;0;True;ok
CA-016555-2;Aceptado;1;1;2;0;1;2;3;1;0;True;
CA-016572-2;Pendiente;2;0;2;0;0;0;3;0;0;True;ok
CA-016163-8;Pendiente;2;0;2;0;0;0;3;0;0;True;ok
CA-016526-9;Aceptado;1;1;2;0;0;3;3;0;0;True;
CA-016189-1;Aceptado;2;0;2;2;0;1;3;0;0;True;
CA-016527-7;Aceptado;0;2;2;0;2;1;3;0;0;True;
CA-016184-1;Pendiente;2;0;2;0;0;0;3;0;0;True;ok
CA-016530-7;Aceptado;2;0;2;0;1;2;3;0;0;True;
CA-016543-9;Pendiente;0;2;2;0;0;0;3;0;0;True;ok
CA-016541-2;Aceptado;1;1;2;0;1;2;3;0;0;True;
CA-005300-2;Aceptado;1;1;2;0;0;3;3;0;0;True;
CA-016214-6;Pendiente;2;0;2;0;0;0;3;0;0;True;ok
CA-016149-2;Aceptado;2;0;2;0;2;1;3;0;0;True;
CA-016523-4;Pendiente;1;1;2;0;0;0;3;0;0;True;ok
CA-007545-6;Aceptado;1;1;2;0;0;3;3;0;0;True;
CD-007545-0;Aceptado;2;0;2;0;1;4;5;0;0;True;
CA-016242-1;Aceptado;0;2;2;0;2;1;3;0;0;True;
CA-011910-1;Aceptado;1;1;2;1;1;1;3;0;0;True;
CA-008422-6;Aceptado;1;1;2;0;0;3;3;0;0;True;
CA-016211-1;Aceptado;1;1;2;0;1;2;3;0;0;True;
CA-016152-2;Aceptado;1;1;2;0;1;2;3;0;0;True;
CA-016151-4;Aceptado;1;1;2;0;0;3;3;0;0;True;
CA-016550-1;Aceptado;2;0;2;1;1;1;3;0;0;True;
CA-016233-2;Pendiente;1;1;2;0;0;0;3;0;0;True;ok
CC-016233-2;Pendiente;1;1;2;0;0;0;3;0;0;True;ok
CA-016235-9;Pendiente;2;0;2;0;0;0;3;0;0;True;ok
CA-016209-0;Pendiente;1;1;2;0;0;0;3;0;0;True;ok
CA-016180-8;Aceptado;2;0;2;3;0;0;3;0;0;True;
CA-011457-5;Aceptado;2;0;2;0;1;2;3;0;0;True;
CA-016528-5;Aceptado;2;0;2;0;1;2;3;0;0;True;
CA-016168-9;Pendiente;2;0;2;0;0;0;3;0;0;True;ok
CA-016239-1;Aceptado;0;2;2;0;1;2;3;0;0;True;
CA-016563-3;Aceptado;2;0;2;0;0;3;3;0;0;True;
CA-016145-0;Aceptado;1;1;2;1;0;2;3;0;0;True;
CA-016219-7;Pendiente;1;1;2;0;0;0;3;0;0;True;ok
CA-016194-8;Aceptado;2;0;2;2;0;1;3;0;0;True;
CE-016194-9;Aceptado;1;0;1;2;0;3;5;0;0;True;
CA-000281-5;Aceptado;1;1;2;1;0;2;3;0;0;True;
CA-016249-9;Pendiente;1;1;2;0;0;0;3;0;0;True;ok
CA-016167-1;Pendiente;1;1;2;0;0;0;3;0;0;True;ok
CA-016238-3;Pendiente;0;2;2;0;0;0;3;0;0;True;ok
CA-016191-3;Pendiente;2;0;2;0;0;0;3;0;0;True;ok
CA-016532-3;Pendiente;1;1;2;0;0;0;3;0;0;True;ok
CA-016166-2;Aceptado;0;2;2;0;1;2;3;0;0;True;
CA-015854-8;Pendiente;2;0;2;0;0;0;3;0;0;True;ok
CB-015854-9;Pendiente;0;2;2;0;0;0;3;0;0;True;ok
CA-017497-7;Aceptado;1;1;2;0;2;1;3;0;0;True;
CA-016565-0;Pendiente;0;2;2;0;0;0;3;0;0;True;ok
CA-016178-6;Aceptado;2;0;2;0;0;3;3;0;0;True;
CA-016534-0;Aceptado;1;1;2;0;2;1;3;0;0;True;
CA-016228-6;Pendiente;1;1;2;0;0;0;3;0;0;True;ok
CA-016165-4;Pendiente;2;0;2;0;0;0;3;0;0;True;ok
CA-016524-2;Aceptado;1;1;2;2;0;1;3;0;0;True;
CA-016560-9;Aceptado;1;1;2;0;0;3;3;1;1;True;
CA-016153-1;Aceptado;2;0;2;1;0;2;3;0;0;True;
CA-016221-9;Aceptado;0;2;2;0;2;1;3;0;0;True;
CA-016542-1;Aceptado;2;0;2;2;0;1;3;0;0;True;
CA-016192-1;Pendiente;1;1;2;0;0;0;3;0;0;True;ok
CA-016197-2;Pendiente;1;1;2;0;0;0;3;0;0;True;ok
CA-016171-9;Pendiente;1;1;2;0;0;0;3;0;0;True;ok
CA-006454-3;Aceptado;0;2;2;2;0;1;3;0;0;True;
CC-006454-3;Aceptado;1;1;2;0;1;2;3;0;0;True;
CA-016552-8;Aceptado;2;0;2;1;0;2;3;1;0;True;
CA-016797-1;Pendiente;2;0;2;0;0;0;3;0;0;True;ok
CA-016216-2;Pendiente;1;1;2;0;0;0;3;0;0;True;ok
CA-016525-1;Pendiente;2;0;2;0;0;0;3;0;0;True;ok
CA-016147-6;Aceptado;2;0;2;1;0;2;3;0;0;True;
CA-016573-1;Aceptado;1;1;2;0;1;2;3;0;0;True;
CA-010529-1;Aceptado;2;0;2;0;0;3;3;0;0;True;
CD-010529-4;Aceptado;1;1;2;1;0;4;5;0;0;True;
CA-016556-1;Aceptado;1;1;2;1;2;0;3;0;0;True;
CA-016204-9;Pendiente;1;1;2;0;0;0;3;0;0;True;ok
CA-015074-1;Pendiente;1;1;2;0;0;0;3;0;0;True;ok
CA-016146-8;Aceptado;2;0;2;0;0;3;3;0;0;True;
CA-016554-4;Aceptado;1;1;2;1;0;2;3;0;0;True;
CA-016212-0;Pendiente;1;1;2;0;0;0;3;0;0;True;ok
CA-016792-0;Pendiente;1;1;2;0;0;0;3;0;0;True;ok
CA-016234-1;Pendiente;1;1;2;0;0;0;3;0;0;True;ok
CA-016229-4;Aceptado;1;1;2;2;0;1;3;0;0;True;
CD-016229-8;Aceptado;1;1;2;0;0;5;5;0;0;True;
CA-016208-1;Aceptado;1;1;2;1;1;1;3;0;0;True;
CA-012191-1;Aceptado;0;2;2;1;0;2;3;0;0;True;
CA-015911-1;Pendiente;0;2;2;0;0;0;3;0;0;True;ok
CB-015911-1;Pendiente;1;1;2;0;0;0;3;0;0;True;ok
CA-016177-8;Pendiente;1;1;2;0;0;0;3;0;0;True;ok
CA-016570-6;Aceptado;2;0;2;0;2;1;3;0;0;True;
CA-016557-9;Aceptado;1;1;2;1;2;0;3;0;0;True;
CA-016172-7;Pendiente;0;2;2;0;0;0;3;0;0;True;ok
CA-016548-0;Pendiente;2;0;2;0;0;0;3;0;0;True;ok
CA-016183-2;Pendiente;0;2;2;0;0;0;3;0;0;True;ok
CA-016544-7;Aceptado;1;1;2;0;0;3;3;0;0;True;
CA-016765-2;Aceptado;0;2;2;1;0;2;3;0;0;True;
CA-008588-5;Aceptado;1;1;2;0;1;2;3;0;0;True;
CA-017499-3;Aceptado;0;2;2;1;1;1;3;0;0;True;
CA-014020-7;Aceptado;0;2;2;0;2;1;3;0;0;True;
CA-016232-4;Pendiente;1;1;2;0;0;0;3;0;0;True;ok
CA-017509-4;Pendiente;1;1;2;0;0;0;3;0;0;True;ok
CB-017509-5;Pendiente;2;0;2;0;0;0;3;0;0;True;ok
CA-016190-5;Aceptado;2;0;2;0;2;1;3;0;0;True;
CA-016169-7;Pendiente;1;1;2;0;0;0;3;0;0;True;ok
CA-006018-1;Aceptado;1;1;2;0;0;3;3;0;0;True;
CA-006491-8;Aceptado;1;1;2;1;1;1;3;0;0;True;
CA-016157-3;Aceptado;0;2;2;0;1;2;3;0;0;True;
CA-008313-1;Aceptado;1;1;2;0;1;2;3;0;0;True;
CA-016223-5;Pendiente;1;1;2;0;0;0;3;0;0;True;ok
CB-015914-6;Aceptado;0;2;2;0;1;2;3;0;0;True;
CB-015898-1;Pendiente;0;2;2;0;0;0;3;0;0;True;ok
CB-015788-7;Pendiente;0;2;2;0;0;0;3;0;0;True;ok
CB-015884-1;Pendiente;1;1;2;0;0;0;3;0;0;True;ok
CB-015930-8;Pendiente;0;2;2;0;0;0;3;0;0;True;ok
CB-015952-9;Pendiente;2;0;2;0;0;0;3;0;0;True;ok
CC-015952-8;Pendiente;1;1;2;0;0;0;3;0;0;True;ok
CB-016040-3;Pendiente;0;2;2;0;0;0;3;0;0;True;ok
CB-016424-7;Pendiente;1;1;2;0;0;0;3;0;0;True;ok
CB-016073-0;Pendiente;1;1;2;0;0;0;3;0;0;True;ok
CB-016411-5;Aceptado;1;1;2;0;0;3;3;0;0;True;
CB-015958-8;Pendiente;1;1;2;0;0;0;3;0;0;True;ok
CB-015943-0;Pendiente;1;1;2;0;0;0;3;0;0;True;ok
CB-015921-9;Pendiente;1;1;2;0;0;0;3;0;0;True;ok
CB-015032-7;Aceptado;2;0;2;0;0;3;3;0;0;True;
CB-016009-8;Aceptado;1;1;2;2;1;0;3;0;0;True;
CB-016125-6;Pendiente;2;0;2;0;0;0;3;0;0;True;ok
CB-015806-9;Aceptado;1;1;2;0;0;3;3;1;0;True;
CB-016445-0;Aceptado;1;1;2;1;1;1;3;1;1;True;
CB-015988-0;Pendiente;2;0;2;0;0;0;3;0;0;True;ok
CB-016800-5;Aceptado;1;1;2;2;0;1;3;0;0;True;
CB-016417-4;Pendiente;1;1;2;0;0;0;3;0;0;True;ok
CB-016083-7;Pendiente;0;2;2;0;0;0;3;0;0;True;ok
CB-016055-1;Pendiente;1;1;2;0;0;0;3;0;0;True;ok
CB-015813-1;Pendiente;2;0;2;0;0;0;3;0;0;True;ok
CB-016038-1;Pendiente;1;1;2;0;0;0;3;0;0;True;ok
CB-015798-4;Aceptado;1;1;2;1;0;2;3;0;0;True;
CB-016495-6;Pendiente;1;1;2;0;0;0;3;0;0;True;ok
CB-015954-5;Pendiente;1;1;2;0;0;0;3;0;0;True;ok
CB-016016-1;Pendiente;1;1;2;0;0;0;3;0;0;True;ok
CB-016779-3;Aceptado;1;1;2;1;0;2;3;0;0;True;
CB-015978-2;Pendiente;2;0;2;0;0;0;3;0;0;True;ok
CB-016033-1;Pendiente;1;1;2;0;0;0;3;0;0;True;ok
CB-016511-1;Aceptado;2;0;2;0;0;3;3;0;0;True;
CB-017500-1;Aceptado;1;1;2;1;1;1;3;0;0;True;
CB-015897-2;Pendiente;2;0;2;0;0;0;3;0;0;True;ok
CB-015828-0;Pendiente;2;0;2;0;0;0;3;0;0;True;ok
CB-016454-9;Aceptado;1;1;2;0;0;3;3;0;0;True;
CB-015789-5;Aceptado;0;2;2;0;2;1;3;0;0;True;
CB-016121-3;Pendiente;2;0;2;0;0;0;3;0;0;True;ok
CB-016019-5;Pendiente;1;1;2;0;0;0;3;0;0;True;ok
CB-015815-8;Aceptado;1;1;2;0;0;3;3;0;0;True;
CB-015938-3;Pendiente;0;2;2;0;0;0;3;0;0;True;ok
CB-015887-5;Pendiente;0;2;2;0;0;0;3;0;0;True;ok
CB-016041-1;Aceptado;0;2;2;0;1;2;3;0;0;True;
CB-015841-7;Pendiente;1;1;2;0;0;0;3;0;0;True;ok
CB-015856-5;Aceptado;1;1;2;0;0;3;3;0;0;True;
CB-016017-9;Pendiente;1;1;2;0;0;0;3;0;0;True;ok
CB-015870-1;Aceptado;1;1;2;0;2;1;3;0;0;True;
CB-016453-1;Aceptado;0;2;2;2;0;1;3;0;0;True;
CB-016058-6;Pendiente;2;0;2;0;0;0;3;0;0;True;ok
CB-016790-4;Pendiente;0;2;2;0;0;0;3;1;1;True;err
CB-016497-2;Aceptado;1;1;2;0;1;2;3;0;0;True;
CB-015934-1;Aceptado;1;1;2;0;1;2;3;0;0;True;
CB-016510-3;Pendiente;1;1;2;0;0;0;3;0;0;True;ok
CB-016460-3;Aceptado;0;2;2;0;1;2;3;1;0;True;
CB-015994-4;Pendiente;1;1;2;0;0;0;3;0;0;True;ok
CB-015834-4;Pendiente;1;1;2;0;0;0;3;0;0;True;ok
CB-015973-1;Pendiente;2;0;2;0;0;0;3;0;0;True;ok
CB-015819-1;Pendiente;2;0;2;0;0;0;3;0;0;True;ok
CB-016786-6;Aceptado;0;2;2;0;1;2;3;0;0;True;
CB-016747-5;Pendiente;2;0;2;0;0;0;3;0;0;True;ok
CB-015319-9;Aceptado;1;1;2;3;0;0;3;0;0;True;
CB-015987-1;Pendiente;2;0;2;0;0;0;3;0;0;True;ok
CB-015927-8;Pendiente;1;1;2;0;0;0;3;0;0;True;ok
CB-016491-3;Pendiente;1;1;2;0;0;0;3;0;0;True;ok
CB-016047-1;Aceptado;1;1;2;1;0;2;3;0;0;True;
CB-015989-8;Pendiente;2;0;2;0;0;0;3;0;0;True;ok
CB-016042-0;Pendiente;1;1;2;0;0;0;3;0;0;True;ok
CB-016066-7;Pendiente;1;1;2;0;0;0;3;0;0;True;ok
CB-015896-4;Pendiente;1;1;2;0;0;0;3;0;0;True;ok
CB-015872-7;Pendiente;0;2;2;0;0;0;3;0;0;True;ok
CB-016503-1;Aceptado;2;0;2;0;0;3;3;0;0;True;
CB-016111-6;Pendiente;2;0;2;0;0;0;3;0;0;True;ok
CB-016447-6;Pendiente;2;0;2;0;0;0;3;0;0;True;ok
CB-016080-2;Pendiente;0;2;2;0;0;0;3;0;0;True;ok
CB-016134-5;Aceptado;1;1;2;2;1;0;3;0;0;True;
CB-015941-3;Pendiente;0;2;2;0;0;0;3;0;0;True;ok
CB-016091-8;Pendiente;1;1;2;0;0;0;3;0;0;True;ok
CB-015827-1;Aceptado;2;0;2;0;0;3;3;0;0;True;
CB-015923-5;Aceptado;2;0;2;1;0;2;3;0;0;True;
CB-015034-3;Aceptado;1;1;2;0;1;2;3;0;0;True;
CB-015842-5;Pendiente;1;1;2;0;0;0;3;0;0;True;ok
CB-016137-0;Pendiente;1;1;2;0;0;0;3;0;0;True;ok
CB-016499-9;Aceptado;2;0;2;0;2;1;3;0;0;True;
CB-015961-8;Pendiente;1;1;2;0;0;0;3;0;0;True;ok
CB-017501-0;Pendiente;2;0;2;0;0;0;3;0;0;True;ok
CB-015781-0;Aceptado;1;1;2;1;0;2;3;0;0;True;
CB-015959-6;Pendiente;0;2;2;0;0;0;3;0;0;True;ok
CB-015818-2;Aceptado;2;0;2;2;1;0;3;0;0;True;
CB-016049-7;Pendiente;1;1;2;0;0;0;3;0;0;True;ok
CB-015909-0;Pendiente;1;1;2;0;0;0;3;0;0;True;ok
CB-016008-0;Pendiente;2;0;2;0;0;0;3;0;0;True;ok
CB-015803-4;Aceptado;0;2;2;0;2;1;3;0;0;True;
CB-016396-8;Pendiente;1;1;2;0;0;0;3;0;0;True;ok
CB-016477-8;Pendiente;1;1;2;0;0;0;3;0;0;True;ok
CB-015797-6;Aceptado;1;1;2;1;1;1;3;0;0;True;
CB-016435-2;Aceptado;2;0;2;0;0;3;3;0;0;True;
CB-016102-7;Pendiente;1;1;2;0;0;0;3;0;0;True;ok
CB-015046-7;Aceptado;0;2;2;0;0;3;3;0;0;True;
CB-015933-2;Aceptado;2;0;2;1;0;2;3;0;0;True;
CB-015867-1;Pendiente;2;0;2;0;0;0;3;0;0;True;ok
CB-016114-1;Aceptado;2;0;2;2;0;1;3;0;0;True;
CB-016028-4;Pendiente;2;0;2;0;0;0;3;0;0;True;ok
CB-015846-8;Pendiente;1;1;2;0;0;0;3;0;0;True;ok
CB-015889-1;Pendiente;1;1;2;0;0;0;3;0;0;True;ok
CB-015908-1;Pendiente;0;2;2;0;0;0;3;0;0;True;ok
CB-016082-9;Pendiente;1;1;2;0;0;0;3;0;0;True;ok
CB-016014-4;Pendiente;0;2;2;0;0;0;3;0;0;True;ok
CB-015780-1;Aceptado;1;1;2;0;0;3;3;0;0;True;
CB-016072-1;Pendiente;2;0;2;0;0;0;3;0;0;True;ok
CB-016116-7;Aceptado;0;2;2;2;0;1;3;0;0;True;
CB-015844-1;Pendiente;1;1;2;0;0;0;3;0;0;True;ok
CB-016025-0;Pendiente;2;0;2;0;0;0;3;0;0;True;ok
CB-016761-1;Pendiente;2;0;2;0;0;0;3;0;0;True;ok
CB-015977-4;Pendiente;1;1;2;0;0;0;3;0;0;True;ok
CB-016129-9;Pendiente;1;1;2;0;0;0;3;0;0;True;ok
CB-015905-7;Pendiente;1;1;2;0;0;0;3;0;0;True;ok
CB-016489-1;Aceptado;1;1;2;1;1;1;3;0;0;True;
CB-015881-6;Pendiente;1;1;2;0;0;0;3;0;0;True;ok
CB-016428-0;Aceptado;1;1;2;0;1;2;3;0;0;True;
CB-016413-1;Aceptado;2;0;2;0;0;3;3;0;0;True;
CB-015865-4;Aceptado;1;1;2;1;0;2;3;0;0;True;
CB-015864-6;Pendiente;1;1;2;0;0;0;3;0;0;True;ok
CB-016788-2;Pendiente;1;1;2;0;0;0;3;0;0;True;ok
CB-016426-3;Aceptado;1;1;2;0;0;3;3;0;0;True;
CB-016463-8;Pendiente;1;1;2;0;0;0;3;0;0;True;ok
CB-015982-1;Pendiente;1;1;2;0;0;0;3;0;0;True;ok
CB-016798-0;Aceptado;0;2;2;0;0;3;3;0;0;True;
CB-016432-8;Aceptado;1;1;2;1;1;1;3;0;0;True;
CB-015776-3;Pendiente;2;0;2;0;0;0;3;0;0;True;ok
CB-016043-8;Aceptado;1;1;2;1;1;1;3;0;0;True;
CB-016753-0;Aceptado;1;1;2;1;0;2;3;0;0;True;
CB-016796-3;Pendiente;1;1;2;0;0;0;3;0;0;True;ok
CB-015816-6;Aceptado;1;1;2;1;0;2;3;0;0;True;
CB-015805-1;Pendiente;2;0;2;0;0;0;3;0;0;True;ok
CB-017503-6;Aceptado;1;1;2;1;0;2;3;0;0;True;
CB-015792-5;Aceptado;1;1;2;0;1;2;3;0;0;True;
CB-015878-6;Pendiente;1;1;2;0;0;0;3;0;0;True;ok
CB-015918-9;Pendiente;1;1;2;0;0;0;3;0;0;True;ok
CB-016442-5;Aceptado;2;0;2;1;1;1;3;0;0;True;
CB-015939-1;Pendiente;1;1;2;0;0;0;3;0;0;True;ok
CB-016067-5;Pendiente;2;0;2;0;0;0;3;0;0;True;ok
CB-015951-1;Pendiente;1;1;2;0;0;0;3;1;0;True;err
CB-016509-0;Pendiente;2;0;2;0;0;0;3;0;0;True;ok
CB-008805-2;Aceptado;1;1;2;1;1;1;3;0;0;True;
CB-016493-0;Pendiente;0;2;2;0;0;0;3;0;0;True;ok
CB-016762-9;Pendiente;0;2;2;0;0;0;3;0;0;True;ok
CB-016327-5;Aceptado;1;1;2;0;0;3;3;0;0;True;
CD-016327-8;Aceptado;0;2;2;0;1;4;5;0;0;True;
CB-016470-1;Pendiente;2;0;2;0;0;0;3;0;0;True;ok
CB-015855-7;Pendiente;1;1;2;0;0;0;3;1;1;True;err
CE-015855-7;Pendiente;1;0;1;0;0;0;5;0;0;True;ok
CB-016123-0;Pendiente;1;1;2;0;0;0;3;0;0;True;ok
CB-014048-8;Aceptado;2;0;2;1;2;0;3;0;0;True;
CB-016456-5;Aceptado;2;0;2;0;1;2;3;0;0;True;
CB-016103-5;Pendiente;1;1;2;0;0;0;3;0;0;True;ok
CB-016118-3;Pendiente;1;1;2;0;0;0;3;0;0;True;ok
CB-016439-5;Aceptado;2;0;2;0;0;3;3;0;0;True;
CB-015906-5;Pendiente;1;1;2;0;0;0;3;0;0;True;ok
CB-017505-2;Aceptado;2;0;2;1;1;1;3;0;0;True;
CB-015777-1;Aceptado;0;2;2;1;1;1;3;0;0;True;
CB-016004-7;Pendiente;1;1;2;0;0;0;3;0;0;True;ok
CB-015957-0;Pendiente;0;2;2;0;0;0;3;0;0;True;ok
CB-015775-5;Pendiente;1;1;2;0;0;0;3;0;0;True;ok
CB-015932-4;Pendiente;1;1;2;0;0;0;3;0;0;True;ok
CB-016404-2;Aceptado;0;2;2;0;0;3;3;0;0;True;
CB-015942-1;Aceptado;2;0;2;1;0;2;3;0;0;True;
CB-015791-7;Aceptado;0;2;2;0;0;3;3;0;0;True;
CB-016044-6;Pendiente;0;2;2;0;0;0;3;0;0;True;ok
CB-016501-4;Aceptado;1;1;2;1;0;2;3;0;0;True;
CB-016018-7;Aceptado;1;1;2;0;1;2;3;0;0;True;
CB-013240-0;Aceptado;0;2;2;0;1;2;3;0;0;True;
CB-016507-3;Aceptado;1;1;2;0;1;2;3;0;0;True;
CB-015545-1;Aceptado;2;0;2;0;1;2;3;0;0;True;
CB-015801-8;Aceptado;1;1;2;0;2;1;3;0;0;True;
CB-015830-1;Aceptado;2;0;2;0;1;2;3;0;0;True;
CB-016022-5;Pendiente;2;0;2;0;0;0;3;0;0;True;ok
CB-015833-6;Pendiente;1;1;2;0;0;0;3;0;0;True;ok
CB-016140-0;Aceptado;1;1;2;0;1;2;3;0;0;True;
CB-016007-1;Pendiente;0;2;2;0;0;0;3;0;0;True;ok
CB-016011-0;Pendiente;2;0;2;0;0;0;3;0;0;True;ok
CB-016440-9;Aceptado;1;1;2;1;0;2;3;1;1;True;
CB-016051-9;Pendiente;2;0;2;0;0;0;3;0;0;True;ok
CB-016095-1;Pendiente;1;1;2;0;0;0;3;0;0;True;ok
CB-015863-8;Pendiente;1;1;2;0;0;0;3;0;0;True;ok
CB-016425-5;Pendiente;0;2;2;0;0;0;3;0;0;True;ok
CB-012097-5;Aceptado;1;1;2;1;1;1;3;0;0;True;
CB-015794-1;Aceptado;1;1;2;0;1;2;3;0;0;True;
CB-016105-1;Aceptado;2;0;2;0;2;1;3;0;0;True;
CB-015929-4;Pendiente;0;2;2;0;0;0;3;0;0;True;ok
CB-015983-9;Aceptado;2;0;2;0;0;3;3;0;0;True;
CB-016479-4;Pendiente;1;1;2;0;0;0;3;0;0;True;ok
CB-016467-1;Aceptado;2;0;2;0;2;1;3;0;0;True;
CB-016452-2;Aceptado;2;0;2;0;0;3;3;0;0;True;
CB-015981-2;Pendiente;0;2;2;0;0;0;3;0;0;True;ok
CB-016414-0;Pendiente;2;0;2;0;0;0;3;0;0;True;ok
CB-016122-1;Pendiente;1;1;2;0;0;0;3;0;0;True;ok
CB-016026-8;Aceptado;1;1;2;0;1;2;3;0;0;True;
CD-016026-1;Pendiente;2;0;2;0;0;0;5;0;0;True;ok
CB-016113-2;Pendiente;1;1;2;0;0;0;3;0;0;True;ok
CB-016423-9;Pendiente;2;0;2;0;0;0;3;0;0;True;ok
CB-015882-4;Pendiente;1;1;2;0;0;0;3;0;0;True;ok
CB-016462-0;Aceptado;2;0;2;1;1;1;3;0;0;True;
CB-016820-0;Aceptado;2;0;2;0;1;2;3;0;0;True;
CB-016086-1;Pendiente;2;0;2;0;0;0;3;0;0;True;ok
CB-014287-1;Aceptado;1;1;2;1;0;2;3;0;0;True;
CB-015874-3;Pendiente;1;1;2;0;0;0;3;0;0;True;ok
CB-016062-4;Pendiente;1;1;2;0;0;0;3;0;0;True;ok
CB-016002-1;Pendiente;2;0;2;0;0;0;3;0;0;True;ok
CB-015997-9;Aceptado;2;0;2;1;1;1;3;0;0;True;
CB-013301-5;Aceptado;1;1;2;1;0;2;3;0;0;True;
CB-015861-1;Pendiente;2;0;2;0;0;0;3;0;0;True;ok
CB-016403-4;Pendiente;1;1;2;0;0;0;3;0;0;True;ok
CB-016030-6;Pendiente;2;0;2;0;0;0;3;0;0;True;ok
CB-016076-4;Pendiente;2;0;2;0;0;0;3;0;0;True;ok
CB-014390-8;Pendiente;2;0;2;0;0;0;3;0;0;True;ok
CB-015955-3;Aceptado;2;0;2;0;0;3;3;0;0;True;
CB-015871-9;Pendiente;1;1;2;0;0;0;3;0;0;True;ok
CB-016068-3;Pendiente;2;0;2;0;0;0;3;0;0;True;ok
CB-016422-1;Aceptado;0;2;2;2;0;1;3;0;0;True;
CB-015980-4;Pendiente;2;0;2;0;0;0;3;0;0;True;ok
CB-016023-3;Aceptado;0;2;2;0;0;3;3;0;0;True;
CB-017734-9;Pendiente;2;0;2;0;0;0;3;0;0;True;ok
CB-016408-5;Aceptado;1;1;2;0;0;3;3;0;0;True;
CB-015868-9;Pendiente;2;0;2;0;0;0;3;0;0;True;ok
CB-015979-1;Pendiente;1;1;2;0;0;0;3;0;0;True;ok
CB-016075-6;Aceptado;2;0;2;1;0;2;3;0;0;True;
CB-015926-0;Pendiente;0;2;2;0;0;0;3;0;0;True;ok
CB-015950-2;Pendiente;1;1;2;0;0;0;3;0;0;True;ok
CB-015850-6;Pendiente;0;2;2;0;0;0;3;0;0;True;ok
CB-015866-2;Pendiente;0;2;2;0;0;0;3;0;0;True;ok
CB-016092-6;Aceptado;0;2;2;1;2;0;3;0;0;True;
CB-015984-7;Pendiente;1;1;2;0;0;0;3;0;0;True;ok
CB-015894-8;Pendiente;1;1;2;0;0;0;3;0;0;True;ok
CB-015971-5;Pendiente;2;0;2;0;0;0;3;0;0;True;ok
CC-015971-4;Pendiente;1;1;2;0;0;0;3;0;0;True;ok
CB-013985-4;Aceptado;1;1;2;1;2;0;3;0;0;True;
CB-016094-2;Pendiente;2;0;2;0;0;0;3;0;0;True;ok
CB-016036-5;Pendiente;2;0;2;0;0;0;3;0;0;True;ok
CB-016421-2;Aceptado;2;0;2;0;2;1;3;0;0;True;
CB-016098-5;Pendiente;2;0;2;0;0;0;3;0;0;True;ok
CB-013150-1;Aceptado;1;1;2;0;2;1;3;0;0;True;
CB-015949-9;Pendiente;2;0;2;0;0;0;3;0;0;True;ok
CB-013914-5;Aceptado;2;0;2;1;0;2;3;0;0;True;
CB-016039-0;Aceptado;2;0;2;1;1;1;3;0;0;True;
CE-016039-0;Aceptado;1;0;1;0;1;4;5;0;0;True;
CB-016484-1;Aceptado;1;1;2;1;0;2;3;0;0;True;
CB-015946-4;Pendiente;2;0;2;0;0;0;3;0;0;True;ok
CB-016131-1;Pendiente;1;1;2;0;0;0;3;0;0;True;ok
CB-016063-2;Pendiente;2;0;2;0;0;0;3;0;0;True;ok
CB-016126-4;Pendiente;2;0;2;0;0;0;3;0;0;True;ok
CB-016818-8;Pendiente;2;0;2;0;0;0;3;0;0;True;ok
CB-016504-9;Pendiente;2;0;2;0;0;0;3;0;0;True;ok
CB-009496-6;Aceptado;1;1;2;0;0;3;3;0;0;True;
CB-016464-6;Pendiente;2;0;2;0;0;0;3;0;0;True;ok
CB-017508-7;Pendiente;2;0;2;0;0;0;3;0;0;True;ok
CB-016473-5;Pendiente;1;1;2;0;0;0;3;0;0;True;ok
CB-002240-0;Aceptado;2;0;2;1;1;1;3;0;0;True;
CB-016107-8;Pendiente;1;1;2;0;0;0;3;0;0;True;ok
CD-016107-1;Pendiente;2;0;2;0;0;0;5;0;0;True;ok
CB-016519-7;Pendiente;1;1;2;0;0;0;3;0;0;True;ok
CB-016429-8;Pendiente;2;0;2;0;0;0;3;0;0;True;ok
CB-015821-2;Pendiente;1;1;2;0;0;0;3;0;0;True;ok
CB-016515-4;Aceptado;2;0;2;1;0;2;3;0;0;True;
CB-016046-2;Pendiente;2;0;2;0;0;0;3;0;0;True;ok
CB-016093-4;Aceptado;2;0;2;0;0;3;3;0;0;True;
CB-016482-4;Aceptado;1;1;2;1;1;1;3;1;0;True;
CB-016466-2;Aceptado;1;1;2;0;1;2;3;0;0;True;
CB-016486-7;Aceptado;1;1;2;1;0;2;3;0;0;True;
CB-015840-9;Pendiente;0;2;2;0;0;0;3;0;0;True;ok
CB-015845-0;Aceptado;2;0;2;0;1;2;3;0;0;True;
CB-015784-4;Aceptado;1;1;2;0;1;2;3;0;0;True;
CB-015849-2;Pendiente;2;0;2;0;0;0;3;0;0;True;ok
CB-016418-2;Aceptado;1;1;2;0;0;3;3;0;0;True;
CB-015967-7;Aceptado;1;1;2;1;1;1;3;0;0;True;
CB-015907-3;Pendiente;1;1;2;0;0;0;3;0;0;True;ok
CB-016749-1;Aceptado;1;1;2;0;0;3;3;0;0;True;
CB-015873-5;Aceptado;1;1;2;0;1;2;3;0;0;True;
CB-015817-4;Aceptado;2;0;2;1;1;1;3;0;0;True;
CB-016045-4;Aceptado;1;1;2;1;1;1;3;0;0;True;
CB-016475-1;Aceptado;1;1;2;1;0;2;3;0;0;True;
CB-015814-0;Pendiente;1;1;2;0;0;0;3;0;0;True;ok
CB-002193-4;Aceptado;1;1;2;1;0;2;3;0;0;True;
CB-016480-8;Aceptado;2;0;2;0;1;2;3;0;0;True;
CB-015857-3;Pendiente;2;0;2;0;0;0;3;0;0;True;ok
CB-015810-7;Aceptado;1;1;2;1;0;2;3;0;0;True;
CB-012229-3;Aceptado;2;0;2;0;0;3;3;0;0;True;
CB-015999-5;Pendiente;2;0;2;0;0;0;3;0;0;True;ok
CB-015936-7;Pendiente;1;1;2;0;0;0;3;0;0;True;ok
CB-015782-8;Aceptado;1;1;2;0;1;2;3;0;0;True;
CB-016476-0;Pendiente;1;1;2;0;0;0;3;0;0;True;ok
CB-016505-7;Aceptado;1;1;2;0;1;2;3;0;0;True;
CB-016135-3;Pendiente;2;0;2;0;0;0;3;0;0;True;ok
CB-015883-2;Pendiente;2;0;2;0;0;0;3;0;0;True;ok
CB-015284-2;Aceptado;1;1;2;0;2;1;3;0;0;True;
CB-015823-9;Pendiente;2;0;2;0;0;0;3;0;0;True;ok
CB-016141-8;Pendiente;1;1;2;0;0;0;3;0;0;True;ok
CB-015829-8;Pendiente;1;1;2;0;0;0;3;0;0;True;ok
CB-017510-9;Aceptado;1;1;2;0;0;3;3;0;0;True;
CB-016010-1;Pendiente;0;2;2;0;0;0;3;1;0;True;err
CB-016110-8;Aceptado;1;1;2;0;1;2;3;0;0;True;
CB-016430-1;Pendiente;2;0;2;0;0;0;3;0;0;True;ok
CB-015947-2;Pendiente;2;0;2;0;0;0;3;0;0;True;ok
CB-016115-9;Pendiente;1;1;2;0;0;0;3;0;0;True;ok
CB-016037-3;Pendiente;2;0;2;0;0;0;3;0;0;True;ok
CB-015877-8;Aceptado;1;1;2;2;0;1;3;0;0;True;
CB-016013-6;Pendiente;0;2;2;0;0;0;3;0;0;True;ok
CB-016496-4;Aceptado;2;0;2;0;0;3;3;0;0;True;
CB-015917-1;Pendiente;0;2;2;0;0;0;3;0;0;True;ok
CB-015862-0;Pendiente;1;1;2;0;0;0;3;0;0;True;ok
CB-016001-2;Pendiente;2;0;2;0;0;0;3;0;0;True;ok
CB-012329-0;Aceptado;1;1;2;0;0;3;3;0;0;True;
CB-015802-6;Pendiente;0;2;2;0;0;0;3;0;0;True;ok
CB-015996-1;Pendiente;1;1;2;0;0;0;3;0;0;True;ok
CB-015820-4;Pendiente;0;2;2;0;0;0;3;0;0;True;ok
CB-015839-5;Aceptado;2;0;2;0;1;2;3;0;0;True;
CB-016100-1;Pendiente;1;1;2;0;0;0;3;0;0;True;ok
CB-015835-2;Aceptado;2;0;2;0;1;2;3;0;0;True;
CC-015835-1;Aceptado;1;1;2;0;2;1;3;0;0;True;
CB-016434-4;Pendiente;1;1;2;0;0;0;3;0;0;True;ok
CB-014100-0;Aceptado;0;2;2;1;0;2;3;0;0;True;
CB-011899-7;Aceptado;2;0;2;1;0;2;3;0;0;True;
CB-016006-3;Pendiente;2;0;2;0;0;0;3;0;0;True;ok
CB-016446-8;Aceptado;1;1;2;0;0;3;3;0;0;True;
CB-016416-6;Aceptado;2;0;2;0;0;3;3;0;0;True;
CB-015809-3;Pendiente;1;1;2;0;0;0;3;0;0;True;ok
CB-016089-6;Pendiente;2;0;2;0;0;0;3;0;0;True;ok
CB-016751-3;Pendiente;1;1;2;0;0;0;3;0;0;True;ok
CB-015847-6;Pendiente;1;1;2;0;0;0;3;0;0;True;ok
CB-015811-5;Pendiente;2;0;2;0;0;0;3;0;0;True;ok
CB-015793-3;Aceptado;1;1;2;1;0;2;3;0;0;True;
CB-016142-6;Pendiente;2;0;2;0;0;0;3;0;0;True;ok
CB-016059-4;Pendiente;2;0;2;0;0;0;3;0;0;True;ok
CB-015831-0;Pendiente;2;0;2;0;0;0;3;0;0;True;ok
CB-016127-2;Aceptado;1;1;2;0;1;2;3;0;0;True;
CB-016136-1;Aceptado;1;1;2;0;1;2;3;0;0;True;
CB-016034-9;Pendiente;1;1;2;0;0;0;3;0;0;True;ok
CB-017659-8;Aceptado;2;0;2;1;1;1;3;0;0;True;
CB-015860-3;Pendiente;0;2;2;0;0;0;3;0;0;True;ok
CB-015915-4;Pendiente;2;0;2;0;0;0;3;0;0;True;ok
CB-015990-1;Pendiente;0;2;2;0;0;0;3;0;0;True;ok
CB-016490-5;Pendiente;1;1;2;0;0;0;3;0;0;True;ok
CB-016448-4;Aceptado;2;0;2;0;0;3;3;0;0;True;
CB-015992-8;Aceptado;1;1;2;1;0;2;3;0;0;True;
CB-016101-9;Pendiente;2;0;2;0;0;0;3;0;0;True;ok
CB-016138-8;Pendiente;2;0;2;0;0;0;3;0;0;True;ok
CB-002532-8;Aceptado;1;1;2;1;0;2;3;0;0;True;
CB-015779-8;Aceptado;2;0;2;0;1;2;3;0;0;True;
CB-015812-3;Pendiente;1;1;2;0;0;0;3;0;0;True;ok
CB-015807-7;Aceptado;1;1;2;0;1;2;3;0;0;True;
CB-015778-0;Aceptado;1;1;2;0;1;2;3;0;0;True;
CB-015998-7;Pendiente;1;1;2;0;0;0;3;0;0;True;ok
CB-015838-7;Pendiente;2;0;2;0;0;0;3;0;0;True;ok
CB-015790-9;Pendiente;1;1;2;0;0;0;3;0;0;True;ok
CB-016451-4;Aceptado;1;1;2;1;0;2;3;0;0;True;
CB-015880-8;Pendiente;2;0;2;0;0;0;3;0;0;True;ok
CB-016117-5;Aceptado;2;0;2;0;1;2;3;0;0;True;
CB-016760-2;Pendiente;1;1;2;0;0;0;3;0;0;True;ok
CB-016488-3;Aceptado;1;1;2;0;2;1;3;0;0;True;
CB-015786-1;Pendiente;1;1;2;0;0;0;3;0;0;True;ok
CB-015858-1;Pendiente;1;1;2;0;0;0;3;0;0;True;ok
CB-015945-6;Pendiente;0;2;2;0;0;0;3;0;0;True;ok
CB-016441-7;Pendiente;1;1;2;0;0;0;3;0;0;True;ok
CB-015888-3;Pendiente;2;0;2;0;0;0;3;0;0;True;ok
CB-015935-9;Pendiente;1;1;2;0;0;0;3;1;0;True;err
CB-013923-4;Aceptado;1;1;2;1;1;1;3;0;0;True;
CB-015904-9;Pendiente;2;0;2;0;0;0;3;0;0;True;ok
CB-014217-1;Aceptado;2;0;2;0;0;3;3;0;0;True;
CB-016130-2;Pendiente;1;1;2;0;0;0;3;0;0;True;ok
CB-015826-3;Aceptado;2;0;2;1;0;2;3;0;0;True;
CB-016508-1;Pendiente;1;1;2;0;0;0;3;0;0;True;ok
CB-012420-2;Aceptado;1;1;2;0;1;2;3;0;0;True;
CB-015900-6;Aceptado;2;0;2;0;2;1;3;0;0;True;
CB-015991-0;Pendiente;0;2;2;0;0;0;3;0;0;True;ok
CB-015799-2;Aceptado;2;0;2;0;1;2;3;0;0;True;
CB-015843-3;Pendiente;0;2;2;0;0;0;3;0;0;True;ok
CB-015975-8;Pendiente;2;0;2;0;0;0;3;0;0;True;ok
CB-016520-1;Pendiente;2;0;2;0;0;0;3;0;0;True;ok
CB-012973-5;Aceptado;2;0;2;0;0;3;3;0;0;True;
CB-015066-1;Aceptado;1;1;2;1;1;1;3;0;0;True;
CB-016433-6;Aceptado;1;1;2;1;0;2;3;0;0;True;
CB-016106-0;Pendiente;1;1;2;0;0;0;3;0;0;True;ok
CB-015966-9;Pendiente;1;1;2;0;0;0;3;0;0;True;ok
CB-015995-2;Pendiente;0;2;2;0;0;0;3;0;0;True;ok
CB-016469-7;Pendiente;1;1;2;0;0;0;3;0;0;True;ok
CB-016012-8;Pendiente;1;1;2;0;0;0;3;0;0;True;ok
CB-016415-8;Aceptado;1;1;2;0;2;1;3;0;0;True;
CB-015804-2;Aceptado;2;0;2;0;0;3;3;0;0;True;
CB-015825-5;Pendiente;1;1;2;0;0;0;3;0;0;True;ok
CB-016487-5;Pendiente;2;0;2;0;0;0;3;0;0;True;ok
CB-016478-6;Aceptado;2;0;2;1;0;2;3;0;0;True;
CB-016449-2;Pendiente;1;1;2;0;0;0;3;0;0;True;ok
CB-015965-1;Pendiente;1;1;2;0;0;0;3;0;0;True;ok
CB-014919-1;Aceptado;2;0;2;0;1;2;3;0;0;True;
CB-016498-1;Aceptado;0;2;2;0;0;3;3;0;0;True;
CB-015960-0;Pendiente;0;2;2;0;0;0;3;0;0;True;ok
CB-016764-5;Pendiente;1;1;2;0;0;0;3;0;0;True;ok
CB-015976-6;Pendiente;0;2;2;0;0;0;3;0;0;True;ok
CB-013204-3;Aceptado;1;1;2;1;0;2;3;0;0;True;
CB-016064-1;Pendiente;1;1;2;0;0;0;3;0;0;True;ok
CB-015972-3;Aceptado;0;2;2;1;1;1;3;0;0;True;
CB-016112-4;Pendiente;1;1;2;0;0;0;3;0;0;True;ok
CB-016071-3;Pendiente;1;1;2;0;0;0;3;0;0;True;ok
CB-016474-3;Pendiente;2;0;2;0;0;0;3;0;0;True;ok
CB-016027-6;Pendiente;2;0;2;0;0;0;3;0;0;True;ok
CB-016104-3;Aceptado;1;1;2;0;1;2;3;0;0;True;
CB-016778-5;Aceptado;0;2;2;0;0;3;3;0;0;True;
CB-016050-1;Pendiente;1;1;2;0;0;0;3;0;0;True;ok
CB-017751-9;Aceptado;2;0;2;0;1;2;3;0;0;True;
CB-016457-3;Aceptado;2;0;2;1;0;2;3;0;0;True;
CB-016458-1;Aceptado;1;1;2;1;0;2;3;0;0;True;
CB-016481-6;Pendiente;1;1;2;0;0;0;3;0;0;True;ok
CB-016081-1;Pendiente;2;0;2;0;0;0;3;0;0;True;ok
CB-015969-3;Aceptado;1;1;2;1;0;2;3;0;0;True;
CB-016088-8;Aceptado;2;0;2;1;0;2;3;0;0;True;
CB-012958-1;Aceptado;2;0;2;0;0;3;3;1;0;True;
CB-016090-0;Aceptado;2;0;2;1;0;2;3;0;0;True;
CB-016003-9;Pendiente;1;1;2;0;0;0;3;0;0;True;ok
CB-015787-9;Pendiente;0;2;2;0;0;0;3;0;0;True;ok
CB-016819-6;Pendiente;1;1;2;0;0;0;3;0;0;True;ok
CB-016437-9;Pendiente;2;0;2;0;0;0;3;0;0;True;ok
CB-015869-7;Pendiente;1;1;2;0;0;0;3;0;0;True;ok
CB-015956-1;Pendiente;2;0;2;0;0;0;3;0;0;True;ok
CB-016120-5;Pendiente;1;1;2;0;0;0;3;0;0;True;ok
CB-017502-8;Aceptado;2;0;2;0;1;2;3;0;0;True;
CB-016087-0;Pendiente;1;1;2;0;0;0;3;0;0;True;ok
CB-016400-0;Aceptado;1;1;2;1;0;2;3;0;0;True;
CB-016099-3;Aceptado;2;0;2;1;0;2;3;0;0;True;
CB-016512-0;Aceptado;1;1;2;0;1;2;3;0;0;True;
CB-015985-5;Pendiente;1;1;2;0;0;0;3;0;0;True;ok
CB-016809-9;Pendiente;2;0;2;0;0;0;3;0;0;True;ok
CB-015919-7;Pendiente;1;1;2;0;0;0;3;0;0;True;ok
CB-015948-1;Pendiente;1;1;2;0;0;0;3;1;1;True;err
CB-016401-8;Aceptado;0;2;2;0;0;3;3;0;0;True;
CB-016405-1;Aceptado;2;0;2;0;2;1;3;0;0;True;
CB-016128-1;Pendiente;0;2;2;0;0;0;3;0;0;True;ok
CB-016020-9;Pendiente;2;0;2;0;0;0;3;0;0;True;ok
CD-016020-1;Pendiente;1;1;2;0;0;0;5;0;0;True;ok
CB-016500-6;Aceptado;1;1;2;0;2;1;3;0;0;True;
CB-016054-3;Pendiente;1;1;2;0;0;0;3;0;0;True;ok
CB-016070-5;Aceptado;1;1;2;1;1;1;3;0;0;True;
CB-016069-1;Pendiente;1;1;2;0;0;0;3;0;0;True;ok
CB-015851-4;Aceptado;2;0;2;0;2;1;3;0;0;True;
CB-016483-2;Pendiente;2;0;2;0;0;0;3;0;0;True;ok
CB-016443-3;Aceptado;1;1;2;0;1;2;3;0;0;True;
CB-015696-1;Pendiente;2;0;2;0;0;0;3;0;0;True;ok
CB-016518-9;Aceptado;1;1;2;1;0;2;3;0;0;True;
CB-016029-2;Pendiente;0;2;2;0;0;0;3;0;0;True;ok
CB-015796-8;Aceptado;2;0;2;1;0;2;3;0;0;True;
CB-016084-5;Aceptado;1;1;2;0;1;2;3;0;0;True;
CB-015824-7;Aceptado;1;1;2;0;1;2;3;0;0;True;
CB-015916-2;Pendiente;1;1;2;0;0;0;3;0;0;True;ok
CB-016031-4;Pendiente;0;2;2;0;0;0;3;0;0;True;ok
CB-015890-5;Aceptado;0;2;2;1;1;1;3;0;0;True;
CB-015953-7;Pendiente;1;1;2;0;0;0;3;0;0;True;ok
CB-016502-2;Pendiente;2;0;2;0;0;0;3;0;0;True;ok
CB-015879-4;Pendiente;0;2;2;0;0;0;3;0;0;True;ok
CB-015795-0;Aceptado;2;0;2;0;0;3;3;0;0;True;
CC-015795-9;Aceptado;2;0;2;0;0;3;3;0;0;True;
CB-016436-1;Aceptado;1;1;2;0;1;2;3;0;0;True;
CB-015913-8;Aceptado;1;1;2;1;0;2;3;0;0;True;
CB-016406-9;Aceptado;2;0;2;2;0;1;3;0;0;True;
CB-015925-1;Pendiente;2;0;2;0;0;0;3;0;0;True;ok
CB-015885-9;Pendiente;1;1;2;0;0;0;3;0;0;True;ok
CB-016459-0;Pendiente;2;0;2;0;0;0;3;0;0;True;ok
CB-016096-9;Pendiente;2;0;2;0;0;0;3;0;0;True;ok
CB-015986-3;Pendiente;2;0;2;0;0;0;3;0;0;True;ok
CB-015964-2;Pendiente;2;0;2;0;0;0;3;0;0;True;ok
CB-016109-4;Pendiente;2;0;2;0;0;0;3;0;0;True;ok
CB-016061-6;Pendiente;1;1;2;0;0;0;3;0;0;True;ok
CB-016048-9;Pendiente;1;1;2;0;0;0;3;0;0;True;ok
CB-015886-7;Pendiente;1;1;2;0;0;0;3;0;0;True;ok
CB-016472-7;Aceptado;2;0;2;1;1;1;3;0;0;True;
CB-016399-2;Pendiente;2;0;2;0;0;0;3;0;0;True;ok
CB-016077-2;Pendiente;1;1;2;0;0;0;3;0;0;True;ok
CB-015875-1;Pendiente;1;1;2;0;0;0;3;0;0;True;ok
CB-016412-3;Aceptado;1;1;2;1;2;0;3;0;0;True;
CB-015940-5;Pendiente;1;1;2;0;0;0;3;0;0;True;ok
CB-016485-9;Aceptado;2;0;2;1;1;1;3;0;0;True;
CB-016097-7;Pendiente;1;1;2;0;0;0;3;0;0;True;ok
CB-016461-1;Aceptado;1;1;2;0;2;1;3;0;0;True;
CB-016419-1;Pendiente;2;0;2;0;0;0;3;0;0;True;ok
CB-015304-1;Aceptado;1;1;2;0;1;2;3;0;0;True;
CB-016065-9;Pendiente;2;0;2;0;0;0;3;1;1;True;err
CB-015901-4;Aceptado;2;0;2;1;1;1;3;0;0;True;
CB-016517-1;Aceptado;1;1;2;0;0;3;3;0;0;True;
CB-015891-3;Pendiente;1;1;2;0;0;0;3;0;0;True;ok
CB-012092-4;Aceptado;1;1;2;1;1;1;3;0;0;True;
CB-016471-9;Pendiente;2;0;2;0;0;0;3;0;0;True;ok
CB-015276-1;Pendiente;0;2;2;0;0;0;3;0;0;True;ok
CB-016005-5;Aceptado;1;1;2;0;1;2;3;0;0;True;
CB-016397-6;Aceptado;1;1;2;0;1;2;3;0;0;True;
CB-016108-6;Pendiente;1;1;2;0;0;0;3;0;0;True;ok
CB-016811-1;Aceptado;2;0;2;1;1;1;3;0;0;True;
CB-015837-9;Pendiente;1;1;2;0;0;0;3;0;0;True;ok
CB-016409-3;Pendiente;1;1;2;0;0;0;3;0;0;True;ok
CB-016513-8;Aceptado;2;0;2;0;2;1;3;0;0;True;
CB-017504-4;Pendiente;2;0;2;0;0;0;3;0;0;True;ok
CB-013389-9;Aceptado;1;1;2;0;1;2;3;0;0;True;
CB-014029-1;Aceptado;1;1;2;1;1;1;3;0;0;True;
CB-017636-9;Aceptado;2;0;2;0;1;2;3;0;0;True;
CB-015931-6;Pendiente;1;1;2;0;0;0;3;0;0;True;ok
CB-012204-8;Aceptado;2;0;2;1;1;1;3;0;0;True;
CB-016398-4;Aceptado;1;1;2;1;1;1;3;0;0;True;
CB-012922-1;Aceptado;2;0;2;2;0;1;3;0;0;True;
CB-015968-5;Pendiente;1;1;2;0;0;0;3;0;0;True;ok
CB-015895-6;Pendiente;1;1;2;0;0;0;3;0;0;True;ok
CB-016420-4;Aceptado;1;1;2;1;0;2;3;0;0;True;
CB-016431-0;Pendiente;1;1;2;0;0;0;3;0;0;True;ok
CB-014209-0;Aceptado;2;0;2;0;0;3;3;0;0;True;
CB-016752-1;Pendiente;2;0;2;0;0;0;3;0;0;True;ok
CB-016124-8;Pendiente;1;1;2;0;0;0;3;0;0;True;ok
CB-015800-0;Aceptado;1;1;2;0;1;2;3;0;0;True;
CB-012365-6;Aceptado;2;0;2;0;1;2;3;0;0;True;
CB-016763-7;Pendiente;0;2;2;0;0;0;3;0;0;True;ok
CB-016015-2;Pendiente;1;1;2;0;0;0;3;0;0;True;ok
CB-016750-5;Pendiente;2;0;2;0;0;0;3;0;0;True;ok
CB-015832-8;Aceptado;0;2;2;1;0;2;3;0;0;True;
CB-016444-1;Aceptado;1;1;2;0;1;2;3;0;0;True;
CD-016444-4;Aceptado;1;1;2;0;1;4;5;0;0;True;
CB-015937-5;Pendiente;2;0;2;0;0;0;3;0;0;True;ok
CB-016468-9;Aceptado;1;1;2;1;0;2;3;0;0;True;
CB-016132-9;Aceptado;1;1;2;2;1;0;3;1;1;True;
CB-015783-6;Aceptado;1;1;2;1;0;2;3;0;0;True;
CB-016139-6;Aceptado;0;2;2;0;0;3;3;0;0;True;
CB-015785-2;Aceptado;1;1;2;0;1;2;3;0;0;True;
CB-015822-1;Pendiente;1;1;2;0;0;0;3;0;0;True;ok
CB-016078-1;Pendiente;2;0;2;0;0;0;3;0;0;True;ok
CB-016053-5;Pendiente;1;1;2;0;0;0;3;0;0;True;ok
CB-016024-1;Aceptado;0;2;2;0;3;0;3;0;0;True;
CB-015928-6;Pendiente;2;0;2;0;0;0;3;0;0;True;ok
CB-015963-4;Pendiente;1;1;2;0;0;0;3;0;0;True;ok
CB-016057-8;Aceptado;1;1;2;0;1;2;3;0;0;True;
CB-016119-1;Pendiente;2;0;2;0;0;0;3;1;0;True;err
CB-015924-3;Pendiente;1;1;2;0;0;0;3;0;0;True;ok
CB-016035-7;Pendiente;1;1;2;0;0;0;3;0;0;True;ok
CB-016000-4;Pendiente;2;0;2;0;0;0;3;0;0;True;ok
CB-016407-7;Pendiente;1;1;2;0;0;0;3;0;0;True;ok
CB-015859-0;Aceptado;1;1;2;0;1;2;3;0;0;True;
CB-016506-5;Pendiente;1;1;2;0;0;0;3;0;0;True;ok
CB-016056-0;Aceptado;0;2;2;0;2;1;3;0;0;True;
CB-016427-1;Pendiente;2;0;2;0;0;0;3;0;0;True;ok
CB-016455-7;Pendiente;1;1;2;0;0;0;3;0;0;True;ok
CB-016410-7;Pendiente;1;1;2;0;0;0;3;0;0;True;ok
CB-016516-2;Pendiente;1;1;2;0;0;0;3;0;0;True;ok
CB-009718-3;Aceptado;1;1;2;0;1;2;3;0;0;True;
CD-009718-6;Aceptado;2;0;2;0;0;5;5;0;0;True;
CB-015848-4;Pendiente;2;0;2;0;0;0;3;0;0;True;ok
CB-016450-6;Aceptado;0;2;2;0;0;3;3;0;0;True;
CB-016465-4;Pendiente;1;1;2;0;0;0;3;0;0;True;ok
CD-016465-7;Pendiente;0;2;2;0;0;0;5;0;0;True;ok
CB-015944-8;Pendiente;2;0;2;0;0;0;3;0;0;True;ok
CB-015892-1;Pendiente;2;0;2;0;0;0;3;0;0;True;ok
CB-017506-1;Aceptado;2;0;2;1;0;2;3;0;0;True;
CB-017507-9;Aceptado;1;1;2;1;0;2;3;0;0;True;
CB-016052-7;Pendiente;0;2;2;0;0;0;3;1;1;True;err
CB-013226-4;Aceptado;1;1;2;1;1;1;3;0;0;True;
CB-015974-0;Pendiente;1;1;2;0;0;0;3;0;0;True;ok
CB-016514-6;Aceptado;1;1;2;0;0;3;3;0;0;True;
CB-016133-7;Pendiente;1;1;2;0;0;0;3;0;0;True;ok
CB-015893-0;Pendiente;2;0;2;0;0;0;3;0;0;True;ok
CB-011963-2;Aceptado;1;1;2;1;0;2;3;0;0;True;
CB-016748-3;Pendiente;2;0;2;0;0;0;3;0;0;True;ok
CB-016754-8;Pendiente;2;0;2;0;0;0;3;0;0;True;ok
CB-007656-9;Aceptado;2;0;2;0;1;2;3;0;0;True;
CB-016402-6;Pendiente;1;1;2;0;0;0;3;0;0;True;ok
CB-015922-7;Pendiente;1;1;2;0;0;0;3;0;0;True;ok
CB-016060-8;Pendiente;1;1;2;0;0;0;3;0;0;True;ok
CB-013388-1;Aceptado;1;1;2;0;1;2;3;0;0;True;
CB-016807-2;Pendiente;1;1;2;0;0;0;3;0;0;True;ok
CB-015970-7;Aceptado;0;2;2;1;2;0;3;0;0;True;
CB-016032-2;Pendiente;0;2;2;0;0;0;3;0;0;True;ok
CB-015993-6;Pendiente;2;0;2;0;0;0;3;0;0;True;ok
CB-016074-8;Pendiente;1;1;2;0;0;0;3;0;0;True;ok
CB-016085-3;Pendiente;1;1;2;0;0;0;3;0;0;True;ok
CB-016438-7;Aceptado;1;1;2;0;1;2;3;0;0;True;
CB-015836-1;Pendiente;2;0;2;0;0;0;3;0;0;True;ok
CB-015903-1;Pendiente;1;1;2;0;0;0;3;0;0;True;ok
CB-015920-1;Pendiente;2;0;2;0;0;0;3;0;0;True;ok
CB-016021-7;Pendiente;2;0;2;0;0;0;3;0;0;True;ok
CB-017511-7;Aceptado;2;0;2;1;1;1;3;0;0;True;
CB-016492-1;Aceptado;1;1;2;0;0;3;3;0;0;True;
CB-016521-9;Pendiente;2;0;2;0;0;0;3;0;0;True;ok
CB-015808-5;Aceptado;1;1;2;1;0;2;3;0;0;True;
CB-015962-6;Pendiente;1;1;2;0;0;0;3;0;0;True;ok
CB-016777-7;Aceptado;1;1;2;1;0;2;3;0;0;True;
CD-014456-7;Aceptado;1;1;2;1;0;4;5;0;0;True;
CD-012260-1;Pendiente;0;2;2;0;0;0;5;0;0;True;ok
CD-009402-1;Aceptado;2;0;2;0;2;3;5;0;0;True;
CD-015670-1;Aceptado;0;2;2;0;1;4;5;0;0;True;
CD-011569-9;Aceptado;1;1;2;0;1;4;5;0;0;True;
CD-010756-4;Aceptado;1;1;2;0;1;4;5;0;0;True;
CD-016333-2;Pendiente;1;1;2;0;0;0;5;0;0;True;ok
CD-016641-2;Aceptado;2;0;2;0;1;4;5;0;0;True;
CD-016739-7;Aceptado;1;1;2;1;0;4;5;0;0;True;
CD-102130-2;Aceptado;1;1;2;0;3;2;5;0;0;True;
CD-014598-9;Aceptado;1;1;2;0;0;5;5;0;0;True;
CD-016293-0;Aceptado;2;0;2;0;1;4;5;0;0;True;
CD-010296-1;Aceptado;1;1;2;0;0;5;5;0;0;True;
CD-016643-9;Pendiente;2;0;2;0;0;0;5;0;0;True;ok
CD-016631-5;Aceptado;1;1;2;0;1;4;5;0;0;True;
CD-011431-5;Aceptado;0;2;2;0;1;4;5;0;0;True;
CD-008260-0;Aceptado;1;1;2;0;0;5;5;0;0;True;
CD-013823-1;Aceptado;0;2;2;1;0;4;5;0;0;True;
CD-016642-1;Aceptado;1;1;2;0;1;4;5;0;0;True;
CD-015345-1;Pendiente;1;1;2;0;0;0;5;0;0;True;ok
CD-010348-8;Aceptado;1;1;2;0;0;5;5;0;0;True;
CD-016621-8;Aceptado;0;2;2;0;1;4;5;0;0;True;
CD-016303-1;Aceptado;1;1;2;1;0;4;5;0;0;True;
CD-016606-4;Aceptado;1;1;2;0;1;4;5;0;0;True;
CD-016311-1;Aceptado;1;1;2;0;1;4;5;0;0;True;
CD-016608-1;Pendiente;1;1;2;0;0;0;5;0;0;True;ok
CD-005703-6;Aceptado;1;1;2;0;1;4;5;0;0;True;
CD-016301-4;Aceptado;1;1;2;1;0;4;5;0;0;True;
CD-016645-5;Aceptado;2;0;2;1;1;3;5;0;0;True;
CD-016615-3;Pendiente;1;1;2;0;0;0;5;0;0;True;ok
CD-013314-0;Aceptado;2;0;2;0;0;5;5;0;0;True;
CD-016630-7;Pendiente;0;2;2;0;0;0;5;0;0;True;ok
CD-008474-2;Aceptado;2;0;2;1;1;3;5;0;0;True;
CD-015368-0;Aceptado;0;2;2;1;1;3;5;0;0;True;
CD-016309-0;Pendiente;1;1;2;0;0;0;5;0;0;True;ok
CD-008734-2;Aceptado;0;2;2;0;0;5;5;0;0;True;
CD-016732-0;Aceptado;1;1;2;2;1;2;5;0;0;True;
CD-011437-4;Aceptado;1;1;2;1;0;4;5;0;0;True;
CD-008903-5;Aceptado;1;1;2;1;1;3;5;0;0;True;
CD-016623-4;Pendiente;1;1;2;0;0;0;5;0;0;True;ok
CD-016330-8;Aceptado;2;0;2;1;1;3;5;0;0;True;
CD-015106-7;Aceptado;1;1;2;0;2;3;5;0;0;True;
CD-016306-5;Aceptado;0;2;2;0;0;5;5;0;0;True;
CD-016334-1;Pendiente;1;1;2;0;0;0;5;0;0;True;ok
CD-016322-7;Pendiente;0;2;2;0;0;0;5;0;0;True;ok
CD-016324-3;Aceptado;0;2;2;2;1;2;5;0;0;True;
CD-016605-6;Pendiente;2;0;2;0;0;0;5;0;0;True;ok
CD-008671-1;Aceptado;2;0;2;0;3;2;5;0;0;True;
CD-016290-5;Pendiente;0;2;2;0;0;0;5;0;0;True;ok
CD-016628-5;Pendiente;1;1;2;0;0;0;5;0;0;True;ok
CD-016644-7;Aceptado;1;1;2;1;1;3;5;1;0;True;
CD-006698-1;Aceptado;1;1;2;0;1;4;5;0;0;True;
CD-012937-1;Aceptado;2;0;2;0;0;5;5;0;0;True;
CD-016646-3;Aceptado;0;2;2;0;2;3;5;0;0;True;
CE-016646-1;Aceptado;1;0;1;0;0;5;5;0;0;True;
CD-012316-1;Pendiente;1;1;2;0;0;0;5;0;0;True;ok
CD-007941-2;Aceptado;2;0;2;0;1;4;5;0;0;True;
CD-016730-3;Aceptado;1;1;2;0;0;5;5;0;0;True;
CD-016616-1;Pendiente;2;0;2;0;0;0;5;0;0;True;ok
CD-007985-4;Aceptado;1;1;2;1;1;3;5;0;0;True;
CD-016738-9;Aceptado;1;1;2;1;0;4;5;0;0;True;
CD-016614-5;Aceptado;0;2;2;0;2;3;5;0;0;True;
CD-014920-8;Aceptado;1;1;2;1;0;4;5;0;0;True;
CD-016769-9;Aceptado;1;1;2;1;1;3;5;0;0;True;
CD-016610-2;Aceptado;1;1;2;1;0;4;5;0;0;True;
CD-016325-1;Aceptado;1;1;2;0;2;3;5;0;0;True;
CD-016632-3;Aceptado;0;2;2;0;2;3;5;0;0;True;
CD-016291-3;Aceptado;1;1;2;1;1;3;5;0;0;True;
CD-016734-6;Aceptado;1;1;2;0;2;3;5;0;0;True;
CD-009440-3;Aceptado;0;2;2;1;1;3;5;0;0;True;
CD-011778-1;Aceptado;1;1;2;0;0;5;5;0;0;True;
CD-016312-0;Pendiente;2;0;2;0;0;0;5;0;0;True;ok
CD-006746-5;Aceptado;2;0;2;0;0;5;5;0;0;True;
CD-008300-2;Aceptado;0;2;2;1;0;4;5;0;0;True;
CD-016613-7;Aceptado;1;1;2;1;1;3;5;0;0;True;
CD-016635-8;Pendiente;1;1;2;0;0;0;5;0;0;True;ok
CD-010356-9;Aceptado;0;2;2;0;1;4;5;0;0;True;
CD-013171-6;Aceptado;1;1;2;1;0;4;5;0;0;True;
CD-016766-4;Aceptado;1;1;2;2;0;3;5;0;0;True;
CD-016785-1;Pendiente;1;1;2;0;0;0;5;0;0;True;ok
CE-016785-8;Pendiente;1;0;1;0;0;0;5;0;0;True;ok
CD-116010-8;Aceptado;0;2;2;1;0;4;5;0;0;True;
CD-016618-8;Aceptado;1;1;2;0;1;4;5;0;0;True;
CD-016328-6;Aceptado;2;0;2;0;0;5;5;0;0;True;
CD-016611-1;Aceptado;1;1;2;0;1;4;5;0;0;True;
CD-016728-1;Aceptado;1;1;2;0;3;2;5;0;0;True;
CD-016805-9;Pendiente;0;2;2;0;0;0;5;0;0;True;ok
CD-016331-6;Aceptado;1;1;2;0;0;5;5;0;0;True;
CD-013143-1;Aceptado;0;2;2;1;0;4;5;0;0;True;
CD-010385-2;Aceptado;1;1;2;2;1;2;5;0;0;True;
CD-016612-9;Pendiente;1;1;2;0;0;0;5;0;0;True;ok
CD-016284-1;Aceptado;2;0;2;1;1;3;5;0;0;True;
CD-016335-9;Aceptado;1;1;2;1;0;4;5;0;0;True;
CD-013018-3;Aceptado;1;1;2;2;0;3;5;0;0;True;
CD-016638-2;Aceptado;1;1;2;0;0;5;5;0;0;True;
CD-010903-6;Aceptado;0;2;2;0;2;3;5;0;0;True;
CD-016288-3;Aceptado;0;2;2;1;0;4;5;0;0;True;
CD-009317-2;Aceptado;0;2;2;0;2;3;5;0;0;True;
CD-017512-8;Aceptado;1;1;2;0;0;5;5;0;0;True;
CD-016308-1;Pendiente;2;0;2;0;0;0;5;0;0;True;ok
CD-011504-4;Pendiente;0;2;2;0;0;0;5;0;0;True;ok
CD-004192-0;Aceptado;0;2;2;0;0;5;5;0;0;True;
CD-008185-9;Aceptado;2;0;2;1;0;4;5;0;0;True;
CD-016305-7;Pendiente;1;1;2;0;0;0;5;0;0;True;ok
CD-016619-6;Pendiente;1;1;2;0;0;0;5;0;0;True;ok
CD-009379-2;Aceptado;1;1;2;0;2;3;5;0;0;True;
CD-016625-1;Aceptado;1;1;2;1;2;2;5;0;0;True;
CD-013947-4;Aceptado;1;1;2;1;0;4;5;0;0;True;
CD-015135-1;Aceptado;1;1;2;1;1;3;5;0;0;True;
CD-016624-2;Aceptado;1;1;2;2;2;1;5;0;0;True;
CD-016319-7;Aceptado;1;1;2;0;1;4;5;0;0;True;
CD-009190-1;Aceptado;2;0;2;0;3;2;5;0;0;True;
CD-016320-1;Aceptado;1;1;2;0;0;5;5;0;0;True;
CD-016735-4;Aceptado;1;1;2;1;1;3;5;0;0;True;
CD-016307-3;Aceptado;0;2;2;0;0;5;5;0;0;True;
CD-106744-2;Pendiente;1;1;2;0;0;0;5;0;0;True;ok
CD-006017-7;Aceptado;1;1;2;0;0;5;5;0;0;True;
CD-008073-9;Aceptado;0;2;2;1;1;3;5;0;0;True;
CD-016299-9;Aceptado;0;2;2;0;1;4;5;0;0;True;
CD-009252-4;Aceptado;1;1;2;3;0;2;5;0;0;True;
CD-007387-2;Aceptado;1;1;2;0;1;4;5;0;0;True;
CD-007444-5;Aceptado;0;2;2;2;0;3;5;0;0;True;
CD-012787-5;Pendiente;1;1;2;0;0;0;5;0;0;True;ok
CD-007275-2;Aceptado;2;0;2;1;0;4;5;0;0;True;
CD-015678-6;Aceptado;2;0;2;0;0;5;5;0;0;True;
CD-010800-5;Aceptado;1;1;2;1;2;2;5;0;0;True;
CD-016622-6;Aceptado;1;1;2;1;2;2;5;0;0;True;
CE-016622-3;Aceptado;1;0;1;0;1;4;5;0;0;True;
CD-011609-1;Pendiente;2;0;2;0;0;0;5;0;0;True;ok
CD-016321-9;Aceptado;2;0;2;1;1;3;5;0;0;True;
CD-016639-1;Aceptado;1;1;2;3;0;2;5;0;0;True;
CD-010315-1;Aceptado;1;1;2;1;1;3;5;0;0;True;
CD-011724-1;Aceptado;1;1;2;1;2;2;5;0;0;True;
CD-016304-9;Aceptado;2;0;2;0;0;5;5;0;0;True;
CD-016620-0;Aceptado;0;2;2;1;1;3;5;0;0;True;
CD-016768-1;Pendiente;0;2;2;0;0;0;5;0;0;True;ok
CD-009278-8;Aceptado;0;2;2;0;3;2;5;0;0;True;
CD-016296-4;Aceptado;0;2;2;0;3;2;5;0;0;True;
CD-016629-3;Pendiente;2;0;2;0;0;0;5;0;0;True;ok
CD-014298-0;Aceptado;2;0;2;2;1;2;5;0;0;True;
CD-012292-0;Aceptado;1;1;2;1;1;3;5;0;0;True;
CD-013038-8;Aceptado;1;1;2;0;2;3;5;0;0;True;
CD-016292-1;Aceptado;0;2;2;1;1;3;5;0;0;True;
CD-016326-0;Aceptado;1;1;2;0;2;3;5;1;0;True;
CD-016636-6;Aceptado;1;1;2;0;0;5;5;0;0;True;
CD-016329-4;Pendiente;1;1;2;0;0;0;5;0;0;True;ok
CD-010805-6;Aceptado;0;2;2;2;0;3;5;0;0;True;
CD-013154-6;Aceptado;1;1;2;0;3;2;5;0;0;True;
CD-016633-1;Aceptado;2;0;2;0;1;4;5;0;0;True;
CD-008002-0;Aceptado;2;0;2;0;1;4;5;0;0;True;
CD-011038-7;Aceptado;1;1;2;0;0;5;5;0;0;True;
CD-010750-5;Aceptado;1;1;2;1;1;3;5;0;0;True;
CD-016627-7;Aceptado;2;0;2;1;0;4;5;0;0;True;
CD-016729-0;Aceptado;1;1;2;0;1;4;5;0;0;True;
CD-012611-9;Aceptado;1;1;2;1;1;3;5;0;0;True;
CD-016287-5;Pendiente;1;1;2;0;0;0;5;0;0;True;ok
CD-006256-1;Aceptado;2;0;2;2;0;3;5;0;0;True;
CD-016300-6;Aceptado;0;2;2;1;0;4;5;0;0;True;
CD-010761-1;Aceptado;1;1;2;0;2;3;5;0;0;True;
CD-016295-6;Aceptado;1;1;2;0;0;5;5;0;0;True;
CD-015167-9;Aceptado;1;1;2;0;0;5;5;0;0;True;
CD-010900-1;Aceptado;0;2;2;0;1;4;5;0;0;True;
CD-016289-1;Aceptado;1;1;2;1;2;2;5;0;0;True;
CD-007315-5;Aceptado;1;1;2;1;1;3;5;0;0;True;
CD-016315-4;Pendiente;2;0;2;0;0;0;5;0;0;True;ok
CD-013811-7;Aceptado;1;1;2;1;0;4;5;0;0;True;
CD-016298-1;Aceptado;1;1;2;1;1;3;5;0;0;True;
CD-013948-2;Aceptado;1;1;2;1;0;4;5;0;0;True;
CD-016323-5;Aceptado;0;2;2;0;2;3;5;0;0;True;
CE-016323-2;Aceptado;1;0;1;0;1;4;5;0;0;True;
CD-016780-0;Pendiente;1;1;2;0;0;0;5;0;0;True;ok
CD-013584-3;Aceptado;1;1;2;0;1;4;5;0;0;True;
CD-016332-4;Aceptado;1;1;2;1;1;3;5;0;0;True;
CD-006016-9;Aceptado;1;1;2;0;1;4;5;0;0;True;
CD-012931-2;Aceptado;0;2;2;1;1;3;5;0;0;True;
CD-016286-7;Aceptado;0;2;2;0;0;5;5;0;0;True;
CD-009214-1;Aceptado;1;1;2;0;1;4;5;0;0;True;
CD-008272-3;Aceptado;1;1;2;0;0;5;5;0;0;True;
CD-012862-6;Aceptado;2;0;2;2;0;3;5;0;0;True;
CD-014893-7;Aceptado;1;1;2;0;2;3;5;0;0;True;
CD-005354-5;Aceptado;1;1;2;0;0;5;5;0;0;True;
CD-013865-6;Aceptado;1;1;2;1;0;4;5;0;0;True;
CD-011676-8;Aceptado;0;2;2;0;1;4;5;0;0;True;
CD-016314-6;Aceptado;1;1;2;1;0;4;5;0;0;True;
CD-012493-1;Aceptado;1;1;2;1;0;4;5;0;0;True;
CD-016302-2;Aceptado;0;2;2;0;2;3;5;0;0;True;
CD-009694-5;Aceptado;1;1;2;0;3;2;5;0;0;True;
CD-010811-1;Aceptado;1;1;2;1;0;4;5;0;0;True;
CD-016318-9;Pendiente;2;0;2;0;0;0;5;0;0;True;ok
CD-013568-1;Aceptado;0;2;2;0;0;5;5;0;0;True;
CD-016731-1;Aceptado;1;1;2;0;1;4;5;0;0;True;
CD-016737-1;Pendiente;2;0;2;0;0;0;5;0;0;True;ok
CD-016740-1;Pendiente;2;0;2;0;0;0;5;0;0;True;ok
CD-016317-1;Pendiente;1;1;2;0;0;0;5;0;0;True;ok
CD-016767-2;Aceptado;0;2;2;0;1;4;5;0;0;True;
CD-016637-4;Pendiente;1;1;2;0;0;0;5;0;0;True;ok
CD-016733-8;Pendiente;2;0;2;0;0;0;5;0;0;True;ok
CD-013810-9;Aceptado;1;1;2;0;0;5;5;0;0;True;
CD-016310-3;Pendiente;1;1;2;0;0;0;5;0;0;True;ok
CD-007520-4;Pendiente;1;1;2;0;0;0;5;0;0;True;ok
CD-014188-6;Aceptado;1;1;2;2;2;1;5;0;0;True;
CD-015131-8;Aceptado;1;1;2;0;1;4;5;0;0;True;
CD-016336-7;Aceptado;0;2;2;1;2;2;5;0;0;True;
CD-016313-8;Pendiente;1;1;2;0;0;0;5;0;0;True;ok
CD-008243-0;Aceptado;2;0;2;1;1;3;5;0;0;True;
CD-016736-2;Pendiente;1;1;2;0;0;0;5;0;0;True;ok
CD-016634-0;Aceptado;2;0;2;1;0;4;5;0;0;True;
CD-016297-2;Aceptado;0;2;2;1;1;3;5;0;0;True;
CE-016297-0;Aceptado;1;0;1;0;0;5;5;0;0;True;
CD-014804-0;Aceptado;1;1;2;1;0;4;5;0;0;True;
CD-016617-0;Aceptado;0;2;2;1;0;4;5;0;0;True;
CD-016285-9;Aceptado;2;0;2;0;1;4;5;0;0;True;
CD-016640-4;Aceptado;2;0;2;0;1;4;5;0;0;True;
CD-002987-3;Aceptado;0;2;2;0;1;4;5;0;0;True;
CD-006825-9;Aceptado;1;1;2;0;1;4;5;0;0;True;
CD-014628-4;Pendiente;0;2;2;0;0;0;5;0;0;True;ok
CD-016626-9;Aceptado;2;0;2;1;0;4;5;0;0;True;
CD-016294-8;Aceptado;1;1;2;1;1;3;5;0;0;True;
CD-016607-2;Aceptado;1;1;2;1;1;3;5;0;0;True;
CD-016316-2;Pendiente;2;0;2;0;0;0;5;0;0;True;ok
CD-016609-9;Aceptado;1;1;2;1;2;2;5;0;0;True;
CD-009094-7;Aceptado;2;0;2;1;0;4;5;0;0;True;
CD-016337-5;Pendiente;2;0;2;0;0;0;5;0;0;True;ok
CC-016281-2;Aceptado;2;0;2;0;2;1;3;0;0;True;
CC-016251-1;Aceptado;2;0;2;0;0;3;3;0;0;True;
CC-016594-3;Pendiente;1;1;2;0;0;0;3;0;0;True;ok
CC-016250-2;Aceptado;1;1;2;0;1;2;3;0;0;True;
CC-014165-3;Pendiente;2;0;2;0;0;0;3;0;0;True;ok
CC-016282-1;Aceptado;2;0;2;1;0;2;3;0;0;True;
CC-016585-4;Pendiente;1;1;2;0;0;0;3;1;0;True;err
CC-010703-0;Aceptado;2;0;2;0;0;3;3;0;0;True;
CC-016279-1;Aceptado;1;1;2;1;0;2;3;0;0;True;
CC-016578-1;Aceptado;1;1;2;3;0;0;3;0;0;True;
CC-012642-5;Aceptado;1;1;2;0;0;3;3;0;0;True;
CC-016261-8;Aceptado;2;0;2;1;0;2;3;0;0;True;
CC-009960-6;Aceptado;1;1;2;2;0;1;3;0;0;True;
CC-000670-5;Aceptado;1;1;2;0;1;2;3;0;0;True;
CC-014639-6;Aceptado;2;0;2;0;2;1;3;0;0;True;
CC-013979-9;Aceptado;2;0;2;0;1;2;3;0;0;True;
CC-011624-1;Aceptado;2;0;2;0;1;2;3;0;0;True;
CC-016280-4;Pendiente;2;0;2;0;0;0;3;0;0;True;ok
CC-016265-1;Aceptado;1;1;2;1;0;2;3;0;0;True;
CC-014638-8;Aceptado;1;1;2;0;1;2;3;0;0;True;
CC-016275-8;Pendiente;1;1;2;0;0;0;3;0;0;True;ok
CC-016278-2;Pendiente;2;0;2;0;0;0;3;0;0;True;ok
CC-010271-2;Aceptado;2;0;2;0;0;3;3;0;0;True;
CC-015568-9;Pendiente;1;1;2;0;0;0;3;0;0;True;ok
CC-016601-0;Aceptado;1;1;2;1;0;2;3;0;0;True;
CC-016589-7;Aceptado;2;0;2;0;2;1;3;0;0;True;
CC-016271-5;Pendiente;2;0;2;0;0;0;3;0;0;True;ok
CC-016590-1;Aceptado;2;0;2;1;1;1;3;0;0;True;
CC-011946-1;Aceptado;1;1;2;1;1;1;3;0;0;True;
CC-014423-7;Aceptado;1;1;2;1;0;2;3;0;0;True;
CC-016588-9;Aceptado;2;0;2;0;1;2;3;0;0;True;
CC-016253-7;Aceptado;0;2;2;1;1;1;3;0;0;True;
CC-016259-6;Pendiente;2;0;2;0;0;0;3;0;0;True;ok
CC-016270-7;Pendiente;1;1;2;0;0;0;3;0;0;True;ok
CC-016260-0;Aceptado;2;0;2;1;0;2;3;0;0;True;
CC-016254-5;Pendiente;2;0;2;0;0;0;3;0;0;True;ok
CC-002980-2;Aceptado;0;2;2;0;1;2;3;0;0;True;
CC-110698-3;Pendiente;0;2;2;0;0;0;3;0;0;True;ok
CC-016584-6;Aceptado;2;0;2;0;0;3;3;0;0;True;
CC-016586-2;Pendiente;2;0;2;0;0;0;3;0;0;True;ok
CC-016258-8;Aceptado;2;0;2;1;1;1;3;0;0;True;
CC-000451-6;Aceptado;2;0;2;1;0;2;3;0;0;True;
CC-016591-9;Pendiente;0;2;2;0;0;0;3;0;0;True;ok
CC-017513-2;Aceptado;1;1;2;0;1;2;3;0;0;True;
CC-016268-5;Pendiente;1;1;2;0;0;0;3;0;0;True;ok
CC-016599-4;Aceptado;1;1;2;0;0;3;3;0;0;True;
CC-016592-7;Aceptado;1;1;2;0;1;2;3;0;0;True;
CC-016263-4;Pendiente;0;2;2;0;0;0;3;0;0;True;ok
CC-016581-1;Pendiente;2;0;2;0;0;0;3;0;0;True;ok
CC-016273-1;Aceptado;1;1;2;1;1;1;3;0;0;True;
CC-016257-0;Aceptado;1;1;2;0;0;3;3;0;0;True;
CC-012525-9;Aceptado;0;2;2;0;0;3;3;0;0;True;
CC-016267-7;Pendiente;1;1;2;0;0;0;3;0;0;True;ok
CC-012318-3;Aceptado;2;0;2;1;0;2;3;0;0;True;
CC-016256-1;Pendiente;1;1;2;0;0;0;3;0;0;True;ok
CC-016579-0;Aceptado;1;1;2;1;0;2;3;0;0;True;
CC-016276-6;Pendiente;1;1;2;0;0;0;3;0;0;True;ok
CC-016252-9;Aceptado;1;1;2;1;1;1;3;0;0;True;
CC-017514-1;Pendiente;2;0;2;0;0;0;3;0;0;True;ok
CC-016274-0;Pendiente;2;0;2;0;0;0;3;0;0;True;ok
CC-016283-9;Pendiente;0;2;2;0;0;0;3;0;0;True;ok
CC-016255-3;Pendiente;0;2;2;0;0;0;3;0;0;True;ok
CC-016598-6;Aceptado;1;1;2;0;0;3;3;0;0;True;
CC-011560-1;Aceptado;2;0;2;0;2;1;3;0;0;True;
CC-017752-6;Aceptado;1;1;2;2;0;1;3;0;0;True;
CC-016602-8;Aceptado;0;2;2;0;0;3;3;0;0;True;
CC-016596-0;Aceptado;1;1;2;0;0;3;3;0;0;True;
CC-016264-2;Pendiente;2;0;2;0;0;0;3;0;0;True;ok
CC-016600-1;Aceptado;1;1;2;0;2;1;3;0;0;True;
CE-016600-2;Aceptado;1;0;1;1;0;4;5;0;0;True;
CC-016266-9;Pendiente;1;1;2;0;0;0;3;0;0;True;ok
CC-016587-1;Aceptado;2;0;2;0;0;3;3;0;0;True;
CC-016582-0;Pendiente;2;0;2;0;0;0;3;0;0;True;ok
CC-016597-8;Aceptado;2;0;2;0;1;2;3;0;0;True;
CC-016595-1;Aceptado;2;0;2;0;0;3;3;0;0;True;
CC-016781-4;Aceptado;1;1;2;0;0;3;3;0;0;True;
CC-016793-8;Aceptado;1;1;2;1;0;2;3;0;0;True;
CC-016272-3;Pendiente;0;2;2;0;0;0;3;0;0;True;ok
CC-016604-4;Aceptado;1;1;2;2;0;1;3;0;0;True;
CC-016277-4;Pendiente;2;0;2;0;0;0;3;0;0;True;ok
CC-001703-1;Aceptado;0;2;2;1;0;2;3;0;0;True;
CC-003545-4;Aceptado;1;1;2;1;0;2;3;0;0;True;
CC-011733-7;Aceptado;2;0;2;1;2;0;3;0;0;True;
CC-016603-6;Pendiente;0;2;2;0;0;0;3;0;0;True;ok
CE-016603-7;Pendiente;1;0;1;0;0;0;5;0;0;True;ok
CC-016583-8;Aceptado;1;1;2;1;1;1;3;0;0;True;
CC-016269-3;Aceptado;1;1;2;0;0;3;3;0;0;True;
CE-016269-4;Aceptado;1;0;1;2;0;3;5;0;0;True;
CC-016593-5;Pendiente;2;0;2;0;0;0;3;0;0;True;ok
CC-010289-5;Aceptado;0;2;2;0;2;1;3;0;0;True;
CC-016580-3;Pendiente;1;1;2;0;0;0;3;0;0;True;ok
CC-016262-6;Pendiente;1;1;2;0;0;0;3;0;0;True;ok
CE-016651-7;Aceptado;1;0;1;0;1;4;5;0;0;True;
CE-013395-3;Aceptado;1;0;1;0;0;5;5;0;0;True;
CE-016353-4;Pendiente;1;0;1;0;0;0;5;0;0;True;ok
CE-016381-0;Aceptado;1;0;1;1;1;3;5;0;0;True;
CE-016711-4;Aceptado;1;0;1;1;2;2;5;0;0;True;
CE-016354-2;Aceptado;1;0;1;0;1;4;5;0;0;True;
CE-016379-8;Aceptado;1;0;1;1;0;4;5;0;0;True;
CE-016685-1;Pendiente;1;0;1;0;0;0;5;0;0;True;ok
CE-016787-4;Pendiente;1;0;1;0;0;0;5;0;0;True;ok
CE-008091-4;Aceptado;1;0;1;0;1;4;5;0;0;True;
CE-016675-4;Pendiente;1;0;1;0;0;0;5;0;0;True;ok
CE-016719-0;Pendiente;1;0;1;0;0;0;5;0;0;True;ok
CE-016756-4;Aceptado;1;0;1;0;0;5;5;0;0;True;
CE-011533-5;Aceptado;1;0;1;0;1;4;5;0;0;True;
CE-016709-2;Aceptado;1;0;1;1;1;3;5;0;0;True;
CE-016370-4;Pendiente;1;0;1;0;0;0;5;0;0;True;ok
CE-016718-1;Pendiente;1;0;1;0;0;0;5;0;0;True;ok
CE-011049-0;Aceptado;1;0;1;1;0;4;5;0;0;True;
CE-016390-9;Pendiente;1;0;1;0;0;0;5;0;0;True;ok
CE-016669-0;Pendiente;1;0;1;0;0;0;5;0;0;True;ok
CE-016694-1;Aceptado;1;0;1;0;2;3;5;0;0;True;
CE-001003-7;Aceptado;1;0;1;0;2;3;5;0;0;True;
CE-016725-4;Pendiente;1;0;1;0;0;0;5;0;0;True;ok
CE-016384-4;Aceptado;1;0;1;0;1;4;5;0;0;True;
CE-016784-0;Pendiente;1;0;1;0;0;0;5;0;0;True;ok
CE-016382-8;Aceptado;1;0;1;1;0;4;5;0;0;True;
CE-016699-1;Aceptado;1;0;1;0;0;5;5;0;0;True;
CE-016773-4;Pendiente;1;0;1;0;0;0;5;0;0;True;ok
CE-011044-9;Aceptado;1;0;1;0;0;5;5;0;0;True;
CE-012696-5;Aceptado;1;0;1;0;1;4;5;0;0;True;
CE-016376-3;Pendiente;1;0;1;0;0;0;5;0;0;True;ok
CE-014609-5;Aceptado;1;0;1;1;0;4;5;0;0;True;
CE-016691-6;Aceptado;1;0;1;0;1;4;5;0;0;True;
CE-009122-3;Aceptado;1;0;1;0;2;3;5;0;0;True;
CE-016652-5;Pendiente;1;0;1;0;0;0;5;0;0;True;ok
CE-008342-5;Aceptado;1;0;1;1;2;2;5;0;0;True;
CE-016653-3;Pendiente;1;0;1;0;0;0;5;0;0;True;ok
CE-016350-0;Pendiente;1;0;1;0;0;0;5;0;0;True;ok
CE-016702-5;Pendiente;1;0;1;0;0;0;5;0;0;True;ok
CE-016659-2;Aceptado;1;0;1;0;1;4;5;0;0;True;
CE-016366-6;Aceptado;1;0;1;1;0;4;5;0;0;True;
CE-016654-1;Aceptado;1;0;1;0;3;2;5;0;0;True;
CE-016349-6;Aceptado;1;0;1;0;1;4;5;0;0;True;
CE-017515-0;Aceptado;1;0;1;0;1;4;5;0;0;True;
CE-017516-8;Aceptado;1;0;1;0;1;4;5;0;0;True;
CE-016723-8;Pendiente;1;0;1;0;0;0;5;0;0;True;ok
CE-016667-3;Aceptado;1;0;1;1;0;4;5;0;0;True;
CE-016770-0;Pendiente;1;0;1;0;0;0;5;0;0;True;ok
CE-016673-8;Aceptado;1;0;1;1;2;2;5;0;0;True;
CE-016700-9;Aceptado;1;0;1;1;0;4;5;0;0;True;
CE-016794-7;Pendiente;1;0;1;0;0;0;5;0;0;True;ok
CE-016670-3;Aceptado;1;0;1;0;1;4;5;0;0;True;
CE-016372-1;Aceptado;1;0;1;0;0;5;5;0;0;True;
CE-016688-6;Aceptado;1;0;1;0;0;5;5;0;0;True;
CE-016710-6;Pendiente;1;0;1;0;0;0;5;0;0;True;ok
CE-016664-9;Aceptado;1;0;1;0;0;5;5;0;0;True;
CE-016707-6;Aceptado;1;0;1;0;2;3;5;0;0;True;
CE-016676-2;Pendiente;1;0;1;0;0;0;5;0;0;True;ok
CE-016674-6;Pendiente;1;0;1;0;0;0;5;0;0;True;ok
CE-113456-2;Aceptado;1;0;1;0;0;5;5;0;0;True;
CE-016351-8;Aceptado;1;0;1;1;1;3;5;0;0;True;
CE-016344-5;Aceptado;1;0;1;1;2;2;5;0;0;True;
CE-016726-2;Pendiente;1;0;1;0;0;0;5;0;0;True;ok
CE-014042-9;Aceptado;1;0;1;0;1;4;5;0;0;True;
CE-016715-7;Aceptado;1;0;1;2;0;3;5;0;0;True;
CE-016705-0;Pendiente;1;0;1;0;0;0;5;0;0;True;ok
CE-016650-9;Pendiente;1;0;1;0;0;0;5;0;0;True;ok
CE-016696-7;Pendiente;1;0;1;0;0;0;5;0;0;True;ok
CE-016703-3;Aceptado;1;0;1;0;1;4;5;0;0;True;
CE-016383-6;Pendiente;1;0;1;0;0;0;5;0;0;True;ok
CE-016681-9;Aceptado;1;0;1;0;1;4;5;0;0;True;
CE-016342-9;Aceptado;1;0;1;0;0;5;5;0;0;True;
CE-016708-4;Aceptado;1;0;1;0;2;3;5;0;0;True;
CE-016341-1;Pendiente;1;0;1;0;0;0;5;0;0;True;ok
CE-016360-7;Pendiente;1;0;1;0;0;0;5;0;0;True;ok
CE-016380-1;Pendiente;1;0;1;0;0;0;5;0;0;True;ok
CE-016679-7;Aceptado;1;0;1;0;0;5;5;0;0;True;
CE-017517-6;Aceptado;1;0;1;0;1;4;5;0;0;True;
CE-016358-5;Pendiente;1;0;1;0;0;0;5;0;0;True;ok
CE-016755-6;Pendiente;1;0;1;0;0;0;5;0;0;True;ok
CE-016657-6;Pendiente;1;0;1;0;0;0;5;0;0;True;ok
CE-016724-6;Aceptado;1;0;1;0;1;4;5;0;0;True;
CE-016355-1;Aceptado;1;0;1;1;0;4;5;0;0;True;
CE-016377-1;Pendiente;1;0;1;0;0;0;5;0;0;True;ok
CE-016658-4;Aceptado;1;0;1;1;1;3;5;0;0;True;
CE-014026-7;Aceptado;1;0;1;0;0;5;5;0;0;True;
CE-008831-1;Pendiente;1;0;1;0;0;0;5;0;0;True;ok
CE-016689-4;Aceptado;1;0;1;0;1;4;5;0;0;True;
CE-016357-7;Pendiente;1;0;1;0;0;0;5;0;0;True;ok
CE-016356-9;Aceptado;1;0;1;0;2;3;5;0;0;True;
CE-007957-6;Pendiente;1;0;1;0;0;0;5;0;0;True;ok
CE-016671-1;Aceptado;1;0;1;0;1;4;5;0;0;True;
CE-016720-3;Aceptado;1;0;1;0;1;4;5;0;0;True;
CE-016678-9;Aceptado;1;0;1;0;0;5;5;0;0;True;
CE-016373-9;Aceptado;1;0;1;1;0;4;5;0;0;True;
CE-016771-8;Pendiente;1;0;1;0;0;0;5;0;0;True;ok
CE-016655-0;Aceptado;1;0;1;0;0;5;5;0;0;True;
CE-016374-7;Pendiente;1;0;1;0;0;0;5;0;0;True;ok
CE-016682-7;Aceptado;1;0;1;1;0;4;5;0;0;True;
CE-016385-2;Aceptado;1;0;1;0;1;4;5;0;0;True;
CE-016363-1;Aceptado;1;0;1;1;0;4;5;0;0;True;
CE-004505-1;Pendiente;1;0;1;0;0;0;5;0;0;True;ok
CE-016364-0;Aceptado;1;0;1;0;1;4;5;0;0;True;
CE-010877-1;Aceptado;1;0;1;1;0;4;5;0;0;True;
CE-016687-8;Aceptado;1;0;1;0;2;3;5;0;0;True;
CE-016378-0;Pendiente;1;0;1;0;0;0;5;0;0;True;ok
CE-016367-4;Pendiente;1;0;1;0;0;0;5;0;0;True;ok
CE-016684-3;Pendiente;1;0;1;0;0;0;5;0;0;True;ok
CE-016683-5;Aceptado;1;0;1;0;0;5;5;0;0;True;
CE-114644-7;Aceptado;1;0;1;1;0;4;5;0;0;True;
CE-016716-5;Pendiente;1;0;1;0;0;0;5;0;0;True;ok
CE-016713-1;Aceptado;1;0;1;0;0;5;5;0;0;True;
CE-016386-1;Aceptado;1;0;1;0;0;5;5;0;0;True;
CE-016672-0;Aceptado;1;0;1;0;0;5;5;0;0;True;
CE-016365-8;Pendiente;1;0;1;0;0;0;5;0;0;True;ok
CE-016706-8;Pendiente;1;0;1;0;0;0;5;0;0;True;ok
CE-016662-2;Aceptado;1;0;1;0;2;3;5;0;0;True;
CE-016704-1;Aceptado;1;0;1;0;1;4;5;0;0;True;
CE-016697-5;Pendiente;1;0;1;0;0;0;5;0;0;True;ok
CE-016695-9;Aceptado;1;0;1;0;0;5;5;0;0;True;
CE-016701-7;Aceptado;1;0;1;1;0;4;5;0;0;True;
CE-012986-7;Aceptado;1;0;1;0;0;5;5;0;0;True;
CE-014948-5;Aceptado;1;0;1;0;1;4;5;0;0;True;
CE-016361-5;Aceptado;1;0;1;1;0;4;5;0;0;True;
CE-016692-4;Pendiente;1;0;1;0;0;0;5;0;0;True;ok
CE-505406-7;Aceptado;1;0;1;0;1;4;5;0;0;True;
CE-016368-2;Pendiente;1;0;1;0;0;0;5;0;0;True;ok
CE-011107-1;Aceptado;1;0;1;1;1;3;5;0;0;True;
CE-010696-4;Aceptado;1;0;1;1;0;4;5;0;0;True;
CE-016348-8;Aceptado;1;0;1;0;1;4;5;0;0;True;
CE-016387-9;Aceptado;1;0;1;0;0;5;5;0;0;True;
CE-016362-3;Pendiente;1;0;1;0;0;0;5;0;0;True;ok
CE-016388-7;Aceptado;1;0;1;2;0;3;5;0;0;True;
CE-016389-5;Aceptado;1;0;1;0;0;5;5;0;0;True;
CE-016782-3;Aceptado;1;0;1;0;1;4;5;0;0;True;
CE-016661-4;Aceptado;1;0;1;0;1;4;5;0;0;True;
CE-016375-5;Aceptado;1;0;1;0;0;5;5;0;0;True;
CE-016338-1;Aceptado;1;0;1;1;1;3;5;0;0;True;
CE-016722-0;Pendiente;1;0;1;0;0;0;5;0;0;True;ok
CE-016680-1;Aceptado;1;0;1;0;2;3;5;0;0;True;
CE-016690-8;Aceptado;1;0;1;0;0;5;5;0;0;True;
CE-311033-4;Pendiente;1;0;1;0;0;0;5;0;0;True;ok
CE-016352-6;Aceptado;1;0;1;1;1;3;5;0;0;True;
CE-016660-6;Pendiente;1;0;1;0;0;0;5;0;0;True;ok
CE-016686-0;Pendiente;1;0;1;0;0;0;5;0;0;True;ok
CE-016677-1;Aceptado;1;0;1;0;1;4;5;0;0;True;
CE-016712-2;Aceptado;1;0;1;0;1;4;5;0;0;True;
CE-016648-7;Pendiente;1;0;1;0;0;0;5;0;0;True;ok
CE-016663-1;Pendiente;1;0;1;0;0;0;5;0;0;True;ok
CE-016647-9;Pendiente;1;0;1;0;0;0;5;0;0;True;ok
CE-016772-6;Pendiente;1;0;1;0;0;0;5;0;0;True;ok
CE-016698-3;Aceptado;1;0;1;0;0;5;5;0;0;True;
CE-016693-2;Aceptado;1;0;1;1;0;4;5;0;0;True;
CE-016371-2;Pendiente;1;0;1;0;0;0;5;0;0;True;ok
CE-016359-3;Pendiente;1;0;1;0;0;0;5;0;0;True;ok
CE-016343-7;Pendiente;1;0;1;0;0;0;5;0;0;True;ok
CE-016666-5;Pendiente;1;0;1;0;0;0;5;0;0;True;ok
CE-016369-1;Aceptado;1;0;1;1;0;4;5;0;0;True;
CE-016656-8;Aceptado;1;0;1;0;2;3;5;0;0;True;
CE-016774-2;Pendiente;1;0;1;0;0;0;5;0;0;True;ok
CE-016714-9;Pendiente;1;0;1;0;0;0;5;0;0;True;ok
CE-016665-7;Aceptado;1;0;1;2;1;2;5;0;0;True;
CE-016345-3;Aceptado;1;0;1;0;1;4;5;0;0;True;
CE-016668-1;Aceptado;1;0;1;0;1;4;5;0;0;True;
CE-016346-1;Aceptado;1;0;1;0;1;4;5;0;0;True;
CE-016717-3;Pendiente;1;0;1;0;0;0;5;0;0;True;ok
CE-016721-1;Pendiente;1;0;1;0;0;0;5;0;0;True;ok
CE-016649-5;Aceptado;1;0;1;1;0;4;5;0;0;True;
CE-016783-1;Aceptado;1;0;1;0;0;5;5;0;0;True;
CE-016775-1;Aceptado;1;0;1;0;2;3;5;0;0;True;
CE-016727-1;Aceptado;1;0;1;0;1;4;5;0;0;True;
CE-016347-0;Pendiente;1;0;1;0;0;0;5;0;0;True;ok
CE-016340-2;Aceptado;1;0;1;0;1;4;5;0;0;True;
CE-016339-9;Pendiente;1;0;1;0;0;0;5;0;0;True;ok
CA-016391-6;Aceptado;2;0;2;1;1;1;3;0;0;True;
CA-016741-5;Pendiente;1;1;2;0;0;0;3;0;0;True;ok
CA-016742-3;Pendiente;1;1;2;0;0;0;3;0;0;True;ok
CB-016393-3;Aceptado;1;1;2;1;0;2;3;0;0;True;
CB-016394-1;Pendiente;1;1;2;0;0;0;3;0;0;True;ok
CB-016758-1;Aceptado;2;0;2;1;0;2;3;1;0;True;
CB-016392-5;Pendiente;2;0;2;0;0;0;3;0;0;True;ok
CB-016757-2;Aceptado;2;0;2;1;0;2;3;0;0;True;
CB-016746-7;Pendiente;2;0;2;0;0;0;3;0;0;True;ok
CB-016745-9;Pendiente;2;0;2;0;0;0;3;0;0;True;ok
CB-016743-2;Aceptado;1;1;2;0;2;1;3;0;0;True;
CB-016744-1;Aceptado;0;2;2;0;0;3;3;0;0;True;
CC-016395-9;Aceptado;2;0;2;1;0;2;3;0;0;True;
CC-016759-8;Aceptado;1;1;2;0;0;3;3;0;0;True;
