propuesta;estado_inscripcion;fecha_ultimo_examen;anio_ultima_reinscripcion;regular;segundo_anio;rango_promedios;examenes_1er_semestre;avance_ingreso;avance_1er_semestre;avance_carrera
130;Aceptado;;2021.0;S;N;Medio;N;1.0;0.0;0.047619047619047616
130;Pendiente;23/08/2021;2021.0;S;S;Medio;N;1.0;0.0;125
130;Pendiente;;2021.0;S;N;Medio;N;1.0;0.0;0.047619047619047616
130;Pendiente;;2021.0;S;S;Alto;N;1.0;0.0;0.14285714285714285
130;Pendiente;;2021.0;S;N;Medio;N;1.0;0.0;0.047619047619047616
130;Aceptado;;2021.0;S;N;Medio;N;1.0;0.0;0.05
130;Aceptado;23/08/2021;2021.0;S;S;Alto;N;0.0;0.0;0.2619047619047619
130;Aceptado;;2021.0;N;N;Bajo;N;0.5;0.0;0.0
130;Pendiente;;2021.0;S;N;Medio;N;0.5;0.0;0.047619047619047616
130;Pendiente;;2021.0;S;N;Medio;N;0.5;0.0;0.07142857142857142
130;Pendiente;;2021.0;N;N;Medio;N;0.5;0.3333333333333333;0.023809523809523808
130;Pendiente;;2021.0;S;S;Medio;N;0.5;0.6666666666666666;0.38095238095238093
130;Aceptado;;2021.0;S;N;Alto;N;0.5;0.3333333333333333;0.047619047619047616
130;Pendiente;;2021.0;N;N;Bajo;N;1.0;0.0;0.0
130;Aceptado;20/08/2021;2021.0;S;S;Medio;N;0.0;0.0;0.11904761904761904
130;Aceptado;;2021.0;S;N;Medio;N;1.0;0.0;0.047619047619047616
130;Pendiente;;2021.0;N;N;Medio;N;0.5;0.0;0.023809523809523808
130;Aceptado;;2021.0;N;N;Bajo;N;0.0;0.6666666666666666;0.0
130;Pendiente;;2021.0;N;N;Bajo;N;0.5;0.0;0.0
130;Aceptado;;2021.0;S;N;Alto;N;1.0;0.0;0.09523809523809523
130;Aceptado;;2021.0;N;N;Alto;N;1.0;0.0;0.023809523809523808
130;Aceptado;;2021.0;S;S;Medio;N;0.5;0.3333333333333333;0.35714285714285715
130;Aceptado;;2021.0;S;S;Alto;N;0.5;0.6666666666666666;0.14285714285714285
130;Pendiente;;2021.0;N;N;Bajo;N;0.0;0.0;0.0
130;Aceptado;;2021.0;S;S;Medio;N;0.5;0.0;0.11904761904761904
130;Pendiente;16/12/2021;2021.0;S;N;Alto;N;0.5;0.0;0.07142857142857142
130;Pendiente;;2021.0;N;N;Alto;N;1.0;0.0;0.023809523809523808
130;Pendiente;;2021.0;S;N;Alto;N;1.0;0.3333333333333333;0.047619047619047616
130;Pendiente;;2021.0;S;S;Alto;N;0.5;0.6666666666666666;0.11904761904761904
130;Aceptado;;2021.0;S;N;Medio;N;0.5;0.0;0.07142857142857142
130;Aceptado;;2021.0;S;N;Medio;N;0.5;0.3333333333333333;0.047619047619047616
130;Aceptado;;2021.0;S;S;Alto;N;0.0;0.0;0.14285714285714285
130;Aceptado;;2021.0;N;N;Medio;N;1.0;0.0;0.023809523809523808
130;Aceptado;;2021.0;N;N;Bajo;N;0.5;0.0;0.0
130;Aceptado;;2021.0;S;N;Medio;N;0.5;0.0;0.09523809523809523
130;Pendiente;;2021.0;S;S;Medio;N;0.5;0.0;0.42857142857142855
130;Pendiente;;2021.0;N;N;Bajo;N;0.5;0.0;0.0
130;Pendiente;23/08/2021;2021.0;S;S;Medio;N;1.0;0.0;0.14285714285714285
130;Aceptado;;2021.0;N;N;Alto;N;1.0;0.0;0.023809523809523808
130;Aceptado;;2021.0;S;N;Alto;N;0.5;0.0;0.07142857142857142
130;Aceptado;;2021.0;S;N;Alto;N;1.0;0.0;0.047619047619047616
130;Pendiente;;2021.0;N;N;Medio;N;0.5;0.0;0.023809523809523808
130;Aceptado;;2021.0;N;N;Medio;N;1.0;0.0;25
130;Aceptado;;2021.0;S;N;Medio;N;0.5;0.0;0.047619047619047616
130;Pendiente;;2021.0;N;N;Medio;N;1.0;0.0;0.023809523809523808
130;Pendiente;;2021.0;N;N;Medio;N;0.5;1.0;25
130;Aceptado;;2021.0;N;N;Bajo;N;1.0;0.6666666666666666;0.0
130;Aceptado;;2021.0;N;N;Bajo;N;0.5;0.0;0.0
130;Aceptado;;2021.0;S;N;Alto;N;0.5;0.0;0.07142857142857142
130;Aceptado;20/08/2021;2021.0;S;S;Alto;N;1.0;0.3333333333333333;0.23809523809523808
130;Pendiente;;2021.0;S;S;Medio;N;1.0;0.0;0.11904761904761904
130;Aceptado;;2021.0;S;S;Medio;N;0.5;0.3333333333333333;0.6904761904761905
130;Pendiente;19/08/2021;2021.0;S;S;Alto;N;0.5;0.0;0.42857142857142855
130;Pendiente;;2021.0;S;N;Alto;N;0.5;0.0;0.047619047619047616
130;Pendiente;;2021.0;S;N;Alto;N;0.0;0.0;0.05
130;Pendiente;20/08/2021;2021.0;S;S;Alto;N;0.5;0.0;0.11904761904761904
130;Aceptado;03/08/2021;2021.0;S;N;Alto;N;0.0;0.3333333333333333;0.09523809523809523
130;Pendiente;;2021.0;N;N;Medio;N;0.0;0.3333333333333333;0.023809523809523808
130;Pendiente;;2021.0;N;N;Bajo;N;0.5;0.0;0.0
130;Pendiente;19/08/2021;2021.0;S;S;Alto;A;0.5;0.0;0.14285714285714285
130;Aceptado;;2021.0;S;N;Alto;N;0.0;0.0;0.047619047619047616
130;Pendiente;05/08/2021;2021.0;S;N;Medio;N;1.0;0.0;0.09523809523809523
130;Pendiente;;2021.0;S;N;Medio;N;1.0;0.0;0.047619047619047616
130;Pendiente;;2021.0;S;S;Alto;N;1.0;0.6666666666666666;0.7857142857142857
130;Pendiente;23/08/2021;2021.0;S;S;Alto;N;0.5;0.0;0.40476190476190477
130;Aceptado;;2021.0;S;S;Medio;N;0.0;0.0;0.38095238095238093
130;Pendiente;;2021.0;N;N;Bajo;N;0.5;0.3333333333333333;0.0
130;Aceptado;20/08/2021;2021.0;S;N;Alto;N;0.5;0.3333333333333333;0.07142857142857142
130;Pendiente;;2021.0;S;N;Alto;N;0.5;0.3333333333333333;0.047619047619047616
130;Pendiente;;2021.0;S;N;Alto;N;1.0;0.3333333333333333;0.05
130;Pendiente;;2021.0;S;N;Alto;N;1.0;0.0;0.047619047619047616
130;Aceptado;;2021.0;N;N;Medio;N;0.0;0.6666666666666666;0.023809523809523808
130;Pendiente;;2021.0;S;N;Medio;N;0.5;0.0;0.047619047619047616
130;Aceptado;18/08/2021;2021.0;S;S;Alto;N;0.0;0.3333333333333333;0.14285714285714285
130;Aceptado;;2021.0;N;N;Bajo;N;0.5;0.3333333333333333;0.0
130;Aceptado;;2021.0;S;N;Medio;I;0.5;0.6666666666666666;0.047619047619047616
130;Aceptado;;2021.0;S;N;Alto;N;0.5;0.0;0.047619047619047616
130;Pendiente;20/08/2021;2021.0;S;N;Alto;N;1.0;0.0;0.09523809523809523
130;Aceptado;;2021.0;S;N;Medio;N;0.5;0.3333333333333333;0.047619047619047616
130;Pendiente;;2021.0;S;N;Alto;N;0.5;0.0;0.047619047619047616
130;Aceptado;18/08/2021;2021.0;S;S;Alto;N;0.5;0.0;0.11904761904761904
130;Pendiente;05/08/2021;2021.0;S;S;Alto;N;0.5;0.0;0.21428571428571427
130;Aceptado;20/08/2021;2021.0;S;N;Alto;N;0.0;0.0;0.07142857142857142
130;Aceptado;;2021.0;N;N;Alto;N;0.5;0.0;0.023809523809523808
130;Pendiente;;2021.0;N;N;Bajo;N;0.5;0.0;0.0
130;Pendiente;;2021.0;S;S;Medio;N;1.0;0.3333333333333333;0.2857142857142857
130;Aceptado;20/08/2021;2021.0;S;N;Medio;N;1.0;0.0;0.047619047619047616
130;Aceptado;;2021.0;S;S;Alto;N;0.5;0.6666666666666666;0.3333333333333333
130;Pendiente;05/08/2021;2021.0;S;N;Medio;N;1.0;0.0;0.09523809523809523
130;Aceptado;23/08/2021;2021.0;S;S;Alto;N;1.0;0.0;0.2857142857142857
130;Aceptado;;2021.0;S;S;Alto;N;0.5;0.6666666666666666;0.3333333333333333
130;Pendiente;;2021.0;S;N;Alto;N;0.5;0.0;0.047619047619047616
130;Pendiente;20/08/2021;2021.0;S;S;Alto;N;0.0;0.0;225
130;Aceptado;;2021.0;N;N;Bajo;N;0.5;0.3333333333333333;0.0
130;Pendiente;;2021.0;N;N;Alto;N;1.0;0.3333333333333333;0.023809523809523808
130;Pendiente;;2021.0;S;N;Medio;N;1.0;0.0;0.07142857142857142
130;Aceptado;23/08/2021;2021.0;S;N;Medio;N;1.0;0.0;75
130;Aceptado;;2021.0;N;N;Medio;N;0.5;0.0;0.023809523809523808
130;Pendiente;23/08/2021;2021.0;S;N;Alto;N;1.0;0.0;0.09523809523809523
130;Aceptado;;2021.0;S;N;Medio;N;0.5;0.3333333333333333;0.047619047619047616
130;Pendiente;;2021.0;N;N;Medio;N;0.0;0.6666666666666666;0.023809523809523808
130;Aceptado;;2021.0;S;N;Alto;N;1.0;0.0;0.047619047619047616
130;Pendiente;;2021.0;S;N;Medio;N;0.5;0.0;0.047619047619047616
130;Pendiente;;2021.0;S;N;Alto;N;0.5;0.6666666666666666;0.047619047619047616
130;Pendiente;;2021.0;N;N;Alto;N;1.0;0.0;0.023809523809523808
130;Pendiente;;2021.0;S;N;Alto;N;0.5;0.3333333333333333;0.047619047619047616
130;Pendiente;;2021.0;N;N;Bajo;N;1.0;0.6666666666666666;0.0
130;Pendiente;;2021.0;N;N;Medio;N;0.5;0.0;0.023809523809523808
130;Pendiente;;2021.0;S;N;Alto;N;1.0;0.6666666666666666;0.047619047619047616
130;Aceptado;;2021.0;N;N;Bajo;N;1.0;0.0;0.0
130;Pendiente;19/08/2021;2021.0;S;S;Alto;N;0.5;1.0;0.40476190476190477
130;Pendiente;05/08/2021;2021.0;S;N;Medio;N;0.5;0.3333333333333333;0.07142857142857142
130;Pendiente;;2021.0;N;N;Bajo;N;0.5;0.0;0.0
130;Pendiente;19/08/2021;2021.0;S;S;Alto;A;1.0;0.3333333333333333;0.23809523809523808
130;Aceptado;;2021.0;S;S;Alto;N;0.5;0.3333333333333333;0.38095238095238093
130;Pendiente;;2021.0;S;N;Medio;A;1.0;0.6666666666666666;0.047619047619047616
130;Pendiente;;2021.0;S;S;Alto;N;0.5;0.3333333333333333;0.38095238095238093
130;Pendiente;;2021.0;N;N;Bajo;N;0.5;0.0;0.0
130;Aceptado;20/12/2021;2021.0;S;N;Alto;N;0.5;0.0;0.09523809523809523
130;Aceptado;;2021.0;S;N;Alto;N;0.5;0.0;0.047619047619047616
130;Aceptado;;2021.0;N;N;Alto;N;1.0;0.0;0.023809523809523808
130;Pendiente;;2021.0;N;N;Alto;N;1.0;0.0;0.023809523809523808
130;Pendiente;15/12/2021;2021.0;S;N;Medio;N;0.5;0.0;75
130;Aceptado;;2021.0;N;N;Alto;N;1.0;0.0;0.023809523809523808
130;Pendiente;;2021.0;N;N;Alto;I;0.5;0.3333333333333333;0.023809523809523808
130;Pendiente;;2021.0;N;N;Bajo;N;1.0;0.0;0.0
130;Pendiente;23/08/2021;2021.0;S;N;Alto;N;1.0;0.0;0.09523809523809523
130;Pendiente;;2021.0;S;N;Medio;N;0.5;0.0;0.047619047619047616
130;Pendiente;;2021.0;N;N;Alto;N;1.0;0.6666666666666666;0.023809523809523808
130;Aceptado;19/08/2021;2021.0;S;S;Alto;N;0.0;0.6666666666666666;0.40476190476190477
130;Pendiente;;2021.0;S;N;Medio;N;1.0;0.0;0.07142857142857142
130;Aceptado;;2021.0;S;N;Medio;N;1.0;0.3333333333333333;0.047619047619047616
130;Aceptado;;2021.0;N;N;Bajo;N;0.0;0.0;0.0
130;Aceptado;;2021.0;S;N;Alto;N;0.5;0.3333333333333333;0.047619047619047616
130;Pendiente;;2021.0;N;N;Bajo;N;0.5;0.0;0.0
130;Pendiente;;2021.0;N;N;Alto;N;1.0;0.0;0.023809523809523808
130;Pendiente;23/08/2021;2021.0;S;S;Medio;N;1.0;0.6666666666666666;0.30952380952380953
130;Aceptado;;2021.0;N;N;Alto;N;0.5;0.0;0.023809523809523808
130;Aceptado;;2021.0;S;S;Alto;N;0.5;0.0;0.8333333333333334
130;Pendiente;;2021.0;N;N;Alto;N;0.0;0.6666666666666666;0.023809523809523808
130;Pendiente;;2021.0;S;N;Medio;N;0.5;0.6666666666666666;0.047619047619047616
130;Aceptado;;2021.0;S;S;Alto;N;0.5;0.0;0.7619047619047619
130;Pendiente;;2021.0;S;N;Medio;N;0.5;0.3333333333333333;0.047619047619047616
130;Pendiente;23/08/2021;2021.0;S;S;Alto;N;0.5;0.3333333333333333;0.47619047619047616
130;Pendiente;;2021.0;N;N;Bajo;N;0.5;0.0;0.0
130;Pendiente;;2021.0;S;N;Alto;N;1.0;0.6666666666666666;0.047619047619047616
130;Pendiente;27/02/2021;2021.0;S;S;Alto;N;0.5;0.0;0.19047619047619047
130;Aceptado;;2021.0;S;N;Alto;N;1.0;0.0;0.09523809523809523
130;Pendiente;;2021.0;S;N;Medio;N;0.5;0.0;0.047619047619047616
130;Aceptado;;2021.0;S;N;Alto;N;1.0;1.0;0.07142857142857142
130;Pendiente;;2021.0;S;N;Alto;N;1.0;0.3333333333333333;0.047619047619047616
130;Pendiente;;2021.0;N;N;Medio;N;1.0;0.3333333333333333;0.023809523809523808
130;Aceptado;20/12/2021;2021.0;S;S;Medio;N;1.0;0.0;0.11904761904761904
130;Pendiente;;2021.0;S;N;Medio;N;0.0;0.3333333333333333;0.047619047619047616
130;Pendiente;;2021.0;N;N;Alto;N;1.0;0.0;0.023809523809523808
130;Aceptado;;2021.0;N;N;Bajo;N;0.5;0.3333333333333333;0.0
130;Pendiente;;2021.0;N;N;Medio;N;0.5;0.0;0.023809523809523808
130;Pendiente;;2021.0;N;N;Bajo;N;1.0;0.6666666666666666;0.0
130;Pendiente;;2021.0;S;S;Alto;N;0.5;0.3333333333333333;0.8333333333333334
130;Aceptado;;2021.0;S;N;Medio;N;0.5;0.0;0.07142857142857142
130;Aceptado;;2021.0;N;N;Medio;N;0.5;0.0;0.023809523809523808
130;Aceptado;;2021.0;N;N;Bajo;N;0.0;0.0;0.0
130;Pendiente;20/08/2021;2021.0;S;S;Alto;N;1.0;0.0;0.16666666666666666
130;Pendiente;;2021.0;S;N;Alto;N;0.5;0.0;0.07142857142857142
130;Pendiente;;2021.0;S;N;Medio;N;0.0;0.3333333333333333;0.047619047619047616
130;Pendiente;;2021.0;S;N;Alto;N;1.0;0.0;0.09523809523809523
130;Aceptado;23/08/2021;2021.0;S;N;Alto;N;0.0;0.0;0.1
130;Aceptado;;2021.0;N;N;Bajo;N;0.0;0.0;0.0
130;Pendiente;23/08/2021;2021.0;S;S;Alto;N;1.0;0.0;0.14285714285714285
130;Pendiente;;2021.0;S;N;Medio;N;0.5;0.6666666666666666;0.07142857142857142
130;Aceptado;;2021.0;N;N;Bajo;N;0.5;0.0;0.0
130;Pendiente;;2021.0;N;N;Alto;N;1.0;0.0;0.023809523809523808
130;Aceptado;23/08/2021;2021.0;S;N;Alto;N;0.5;0.6666666666666666;0.09523809523809523
130;Aceptado;;2021.0;S;N;Medio;A;0.5;0.0;0.047619047619047616
130;Pendiente;;2021.0;N;N;Bajo;N;1.0;0.3333333333333333;0.0
130;Aceptado;;2021.0;S;N;Alto;N;0.0;0.6666666666666666;0.047619047619047616
130;Pendiente;20/08/2021;2021.0;S;S;Alto;N;1.0;0.6666666666666666;0.21428571428571427
130;Aceptado;;2021.0;S;N;Medio;N;0.5;0.0;0.07142857142857142
130;Pendiente;20/08/2021;2021.0;S;S;Alto;N;0.5;0.0;0.23809523809523808
130;Pendiente;;2021.0;S;S;Alto;N;0.5;0.0;0.14285714285714285
130;Pendiente;;2021.0;S;S;Medio;N;0.0;0.6666666666666666;0.8333333333333334
130;Pendiente;20/08/2021;2021.0;S;S;Alto;I;1.0;0.3333333333333333;0.11904761904761904
130;Aceptado;;2021.0;S;N;Alto;N;0.5;0.0;0.07142857142857142
130;Aceptado;05/08/2021;2021.0;S;S;Medio;N;1.0;0.0;0.16666666666666666
130;Pendiente;;2021.0;S;N;Medio;N;1.0;0.3333333333333333;0.09523809523809523
130;Pendiente;;2021.0;N;N;Medio;N;0.5;0.3333333333333333;0.023809523809523808
130;Aceptado;;2021.0;S;S;Alto;N;1.0;0.0;0.16666666666666666
130;Aceptado;;2021.0;S;N;Medio;N;0.5;1.0;0.047619047619047616
130;Pendiente;;2021.0;S;N;Medio;N;0.5;0.0;0.047619047619047616
130;Aceptado;;2021.0;N;N;Bajo;N;0.5;0.0;0.0
134;Aceptado;;2021.0;S;N;Alto;N;1.0;0.0;0.047619047619047616
134;Pendiente;;2021.0;N;N;Medio;N;0.5;0.3333333333333333;0.023809523809523808
134;Pendiente;;2021.0;S;N;Medio;N;0.5;0.0;0.07142857142857142
134;Aceptado;23/08/2021;2021.0;S;N;Medio;N;0.5;0.0;0.07142857142857142
134;Aceptado;;2021.0;S;N;Alto;N;0.5;0.6666666666666666;0.047619047619047616
134;Aceptado;;2021.0;N;N;Bajo;N;0.5;0.6666666666666666;0.0
134;Aceptado;;2021.0;S;S;Alto;N;0.0;0.3333333333333333;0.14285714285714285
134;Aceptado;;2021.0;S;N;Medio;N;0.0;0.0;0.047619047619047616
134;Aceptado;27/02/2021;2021.0;S;N;Alto;N;0.5;0.0;75
134;Pendiente;18/08/2021;2021.0;S;S;Alto;N;0.5;0.0;0.2619047619047619
134;Aceptado;;2021.0;S;N;Medio;N;1.0;0.6666666666666666;0.047619047619047616
134;Pendiente;;2021.0;N;N;Alto;N;0.5;1.0;0.023809523809523808
134;Pendiente;;2021.0;S;N;Alto;N;0.0;0.0;0.047619047619047616
134;Pendiente;;2021.0;S;N;Medio;N;1.0;0.0;0.047619047619047616
134;Aceptado;24/02/2021;2021.0;S;N;Medio;N;0.0;0.0;0.047619047619047616
134;Aceptado;;2021.0;N;N;Bajo;N;0.5;0.0;0.0
134;Aceptado;;2021.0;N;N;Medio;N;0.0;0.3333333333333333;0.023809523809523808
134;Pendiente;;2021.0;S;S;Medio;N;0.5;0.3333333333333333;0.5238095238095238
134;Pendiente;;2021.0;S;N;Alto;N;0.0;0.6666666666666666;0.07142857142857142
134;Pendiente;;2021.0;N;N;Medio;N;0.5;0.0;0.023809523809523808
134;Pendiente;20/12/2021;2021.0;S;S;Alto;N;1.0;0.6666666666666666;0.11904761904761904
134;Aceptado;27/02/2021;2021.0;S;S;Alto;N;0.5;0.0;0.19047619047619047
134;Aceptado;;2021.0;S;S;Medio;N;0.5;0.0;0.38095238095238093
134;Pendiente;;2021.0;S;S;Alto;N;0.5;0.6666666666666666;0.9047619047619048
134;Pendiente;18/08/2021;2021.0;S;S;Alto;N;0.0;0.3333333333333333;0.30952380952380953
134;Pendiente;;2021.0;S;S;Alto;N;0.5;0.3333333333333333;0.8809523809523809
134;Pendiente;20/08/2021;2021.0;S;S;Medio;N;0.5;0.0;0.11904761904761904
134;Pendiente;;2021.0;S;N;Alto;N;0.0;0.3333333333333333;0.05
134;Aceptado;23/08/2021;2021.0;S;N;Alto;N;0.0;0.0;0.1
134;Pendiente;;2021.0;S;N;Alto;N;0.0;0.0;0.05
134;Pendiente;18/08/2021;2021.0;S;S;Alto;N;0.5;0.0;0.25
134;Pendiente;;2021.0;S;N;Alto;N;0.0;0.0;0.05
134;Pendiente;;2021.0;S;N;Alto;N;1.0;0.0;0.05
134;Pendiente;;2021.0;S;N;Alto;N;0.0;0.0;0.05
134;Pendiente;;2021.0;N;N;Bajo;N;0.5;0.0;0.0
134;Pendiente;;2021.0;N;N;Bajo;N;0.5;0.0;0.0
134;Pendiente;;2021.0;S;N;Alto;N;0.5;0.0;0.05
134;Aceptado;;2021.0;S;N;Alto;N;0.5;0.0;0.1
134;Aceptado;;2021.0;S;S;Alto;N;0.5;0.0;125
134;Aceptado;;2021.0;N;N;Alto;N;0.5;0.0;25
134;Pendiente;;2021.0;S;N;Alto;N;1.0;0.0;0.05
134;Aceptado;18/08/2021;2021.0;S;S;Alto;N;0.5;1.0;0.2
134;Pendiente;23/08/2021;2021.0;S;S;Alto;N;1.0;0.0;0.15
134;Aceptado;18/08/2021;2021.0;S;N;Alto;I;0.5;0.0;75
134;Pendiente;;2021.0;N;N;Alto;A;0.5;0.6666666666666666;25
134;Aceptado;;2021.0;S;N;Alto;N;1.0;0.0;0.05
134;Pendiente;;2021.0;N;N;Alto;N;0.5;0.0;25
134;Pendiente;;2021.0;N;N;Bajo;N;0.0;0.0;0.0
134;Pendiente;20/08/2021;2021.0;S;S;Medio;N;0.5;0.0;0.2
134;Pendiente;;2021.0;N;N;Bajo;N;1.0;0.0;0.0
134;Pendiente;;2021.0;S;N;Alto;N;0.5;0.0;75
134;Pendiente;;2021.0;N;N;Bajo;N;0.5;0.3333333333333333;0.0
134;Pendiente;;2021.0;N;N;Medio;N;0.5;0.0;25
134;Aceptado;20/08/2021;2021.0;S;S;Medio;N;0.5;0.0;0.2
134;Aceptado;;2021.0;N;N;Medio;N;0.5;0.0;25
134;Pendiente;;2021.0;N;N;Medio;N;0.5;0.3333333333333333;25
134;Aceptado;;2021.0;S;N;Alto;N;1.0;0.0;0.05
134;Pendiente;;2021.0;N;N;Medio;N;0.5;0.0;25
134;Pendiente;;2021.0;N;N;Alto;N;1.0;0.0;25
134;Pendiente;23/08/2021;2021.0;S;S;Medio;N;1.0;0.0;225
134;Pendiente;;2021.0;S;N;Medio;N;1.0;0.0;0.05
134;Pendiente;;2021.0;N;N;Medio;N;0.5;0.0;25
134;Pendiente;;2021.0;N;N;Bajo;N;0.0;0.6666666666666666;0.0
134;Pendiente;;2021.0;S;N;Medio;N;1.0;0.0;0.05
134;Aceptado;;2021.0;N;N;Medio;N;0.5;0.0;25
134;Aceptado;;2021.0;N;N;Bajo;N;0.5;0.0;0.0
134;Pendiente;;2021.0;S;N;Alto;N;0.0;0.0;0.05
134;Pendiente;18/08/2021;2021.0;S;S;Alto;N;0.0;0.0;175
134;Pendiente;;2021.0;N;N;Alto;N;0.0;0.3333333333333333;25
134;Aceptado;18/08/2021;2021.0;S;S;Alto;N;0.5;0.0;125
134;Pendiente;20/08/2021;2021.0;S;N;Alto;N;0.5;0.0;0.05
134;Aceptado;23/08/2021;2021.0;S;S;Medio;N;0.5;0.0;0.35
134;Pendiente;;2021.0;S;N;Medio;N;0.5;0.6666666666666666;75
134;Pendiente;;2021.0;N;N;Medio;N;0.0;0.6666666666666666;25
134;Pendiente;;2021.0;S;N;Alto;N;1.0;0.0;0.1
134;Pendiente;;2021.0;S;S;Medio;N;0.5;0.3333333333333333;175
134;Pendiente;;2021.0;S;N;Alto;N;0.5;0.3333333333333333;75
134;Aceptado;;2021.0;N;N;Medio;N;0.5;0.0;25
134;Pendiente;;2021.0;N;N;Medio;I;0.0;0.3333333333333333;25
134;Aceptado;16/12/2021;2021.0;S;N;Medio;N;0.5;0.0;0.05
134;Aceptado;;2021.0;S;N;Alto;N;0.5;0.0;75
134;Aceptado;;2021.0;N;N;Bajo;N;1.0;0.0;0.0
134;Pendiente;;2021.0;S;N;Medio;N;1.0;0.0;75
134;Pendiente;;2021.0;S;N;Alto;N;1.0;0.0;0.05
134;Aceptado;;2021.0;S;N;Alto;N;0.5;1.0;75
134;Aceptado;;2021.0;S;N;Alto;N;1.0;0.0;0.05
134;Pendiente;;2021.0;S;N;Alto;N;0.5;0.0;0.05
134;Pendiente;;2021.0;S;N;Medio;N;0.5;0.0;0.05
134;Pendiente;;2021.0;N;N;Medio;N;0.5;0.3333333333333333;25
134;Aceptado;;2021.0;S;N;Alto;N;1.0;0.0;0.05
134;Pendiente;;2021.0;S;N;Medio;N;0.5;0.0;0.05
134;Aceptado;;2021.0;S;N;Medio;N;0.5;0.0;75
134;Pendiente;;2021.0;S;N;Medio;N;0.5;0.0;75
134;Pendiente;;2021.0;S;N;Medio;N;0.0;0.0;0.05
134;Pendiente;17/12/2021;2021.0;S;S;Alto;N;1.0;0.0;175
134;Pendiente;;2021.0;N;N;Medio;N;1.0;0.0;25
134;Aceptado;;2021.0;S;N;Medio;N;1.0;0.0;0.05
134;Pendiente;;2021.0;N;N;Bajo;N;0.0;0.0;0.0
134;Pendiente;18/12/2021;2021.0;S;N;Alto;N;0.5;1.0;0.1
134;Aceptado;20/08/2021;2021.0;S;S;Medio;N;0.0;0.0;225
134;Aceptado;;2021.0;N;N;Medio;N;0.5;0.0;25
134;Pendiente;15/12/2021;2021.0;S;N;Alto;N;1.0;0.0;75
134;Aceptado;;2021.0;S;N;Alto;N;1.0;0.3333333333333333;0.1
134;Aceptado;;2021.0;N;N;Alto;N;0.5;0.3333333333333333;25
134;Aceptado;20/08/2021;2021.0;S;N;Alto;N;0.5;0.0;75
134;Aceptado;;2021.0;N;N;Alto;N;0.5;0.0;25
134;Aceptado;;2021.0;N;N;Bajo;N;1.0;0.6666666666666666;0.0
134;Pendiente;;2021.0;N;N;Medio;N;0.5;0.0;25
134;Pendiente;;2021.0;S;N;Alto;N;0.5;0.3333333333333333;75
134;Pendiente;;2021.0;S;S;Medio;N;0.0;0.0;125
134;Pendiente;18/08/2021;2021.0;S;S;Alto;N;1.0;1.0;325
134;Pendiente;;2021.0;N;N;Bajo;N;0.5;0.0;0.0
134;Aceptado;;2021.0;S;N;Medio;N;0.5;0.0;0.05
134;Pendiente;;2021.0;S;N;Medio;N;1.0;0.0;0.05
134;Pendiente;23/08/2021;2021.0;S;S;Alto;N;0.0;0.6666666666666666;275
134;Aceptado;18/08/2021;2021.0;S;S;Medio;N;0.5;0.0;0.25
134;Pendiente;;2021.0;S;N;Medio;N;0.5;0.0;75
134;Aceptado;;2021.0;S;N;Medio;N;0.5;0.6666666666666666;0.05
134;Aceptado;;2021.0;N;N;Alto;N;1.0;0.0;25
134;Aceptado;;2021.0;S;S;Medio;N;0.5;0.0;125
134;Pendiente;;2021.0;S;N;Alto;N;0.0;0.0;75
134;Pendiente;;2021.0;S;N;Alto;N;1.0;0.3333333333333333;0.05
134;Pendiente;05/08/2021;2021.0;S;S;Alto;N;1.0;0.0;225
134;Pendiente;;2021.0;S;N;Alto;N;1.0;0.6666666666666666;0.05
134;Pendiente;;2021.0;S;N;Alto;N;1.0;0.0;75
134;Pendiente;;2021.0;S;N;Medio;N;0.5;0.0;0.05
134;Aceptado;;2021.0;N;N;Medio;N;0.5;0.0;25
134;Aceptado;;2021.0;S;N;Medio;N;0.0;0.0;0.05
134;Aceptado;;2021.0;S;N;Alto;N;0.5;0.0;0.05
134;Aceptado;;2021.0;N;N;Alto;N;0.0;0.0;25
134;Pendiente;;2021.0;N;N;Medio;N;0.5;0.0;25
134;Pendiente;;2021.0;S;N;Medio;N;1.0;0.0;75
134;Pendiente;;2021.0;S;N;Medio;N;0.0;0.6666666666666666;0.05
134;Pendiente;;2021.0;S;N;Alto;N;0.5;0.0;75
134;Pendiente;05/08/2021;2021.0;S;S;Medio;N;1.0;0.0;0.15
134;Pendiente;18/12/2021;2021.0;S;N;Alto;N;1.0;0.0;75
134;Pendiente;;2021.0;N;N;Alto;N;0.5;0.0;25
134;Aceptado;;2021.0;N;N;Alto;N;0.5;0.0;25
134;Aceptado;;2021.0;S;N;Alto;N;0.5;0.0;0.05
134;Pendiente;;2021.0;N;N;Medio;N;0.5;0.6666666666666666;25
134;Pendiente;;2021.0;N;N;Bajo;N;0.5;0.0;0.0
134;Pendiente;20/08/2021;2021.0;S;S;Alto;N;0.5;0.3333333333333333;0.25
134;Aceptado;;2021.0;N;N;Bajo;N;1.0;0.0;0.0
134;Pendiente;;2021.0;N;N;Bajo;N;0.5;0.3333333333333333;0.0
134;Pendiente;;2021.0;S;S;Alto;N;0.5;0.0;175
134;Pendiente;;2021.0;S;N;Alto;N;0.5;0.0;0.05
134;Pendiente;;2021.0;N;N;Alto;N;0.5;0.0;25
134;Pendiente;;2021.0;S;N;Medio;N;0.5;0.0;0.05
134;Aceptado;;2021.0;S;N;Alto;N;0.5;0.6666666666666666;75
134;Pendiente;;2021.0;S;N;Medio;N;1.0;0.0;75
134;Aceptado;;2021.0;N;N;Medio;N;0.5;0.6666666666666666;25
134;Pendiente;;2021.0;N;N;Bajo;N;0.5;0.3333333333333333;0.0
134;Pendiente;;2021.0;S;N;Alto;N;0.5;0.3333333333333333;75
134;Pendiente;;2021.0;S;N;Medio;N;1.0;0.0;0.05
134;Pendiente;;2021.0;S;N;Medio;N;0.5;0.3333333333333333;0.1
134;Pendiente;;2021.0;N;N;Alto;N;0.5;0.0;25
134;Pendiente;18/08/2021;2021.0;S;S;Alto;N;0.5;0.0;0.3
134;Aceptado;;2021.0;N;N;Alto;N;1.0;0.6666666666666666;25
134;Aceptado;;2021.0;S;N;Medio;N;0.5;0.0;0.05
134;Pendiente;;2021.0;S;N;Medio;N;1.0;0.0;0.05
134;Aceptado;19/08/2021;2021.0;S;N;Alto;N;1.0;0.0;75
134;Pendiente;;2021.0;S;S;Medio;N;0.5;0.6666666666666666;275
134;Pendiente;18/12/2021;2021.0;S;N;Medio;N;0.0;0.0;75
134;Aceptado;;2021.0;S;N;Alto;N;0.0;0.0;75
134;Pendiente;;2021.0;S;N;Medio;N;0.5;0.0;0.1
134;Pendiente;;2021.0;S;N;Alto;N;1.0;0.0;0.05
134;Pendiente;18/08/2021;2021.0;S;S;Alto;N;0.5;0.0;0.15
134;Pendiente;;2021.0;N;N;Bajo;N;1.0;1.0;0.0
134;Aceptado;;2021.0;N;N;Bajo;N;1.0;0.3333333333333333;0.0
134;Aceptado;;2021.0;S;N;Alto;N;0.5;0.0;0.05
134;Aceptado;;2021.0;N;N;Medio;N;0.5;0.0;25
134;Aceptado;;2021.0;S;N;Alto;N;1.0;0.0;0.05
134;Aceptado;23/08/2021;2021.0;S;S;Alto;N;0.5;0.0;175
134;Aceptado;;2021.0;N;N;Bajo;N;0.0;0.6666666666666666;0.0
134;Pendiente;;2021.0;S;N;Medio;N;0.5;0.0;75
134;Aceptado;;2021.0;S;N;Alto;N;0.0;0.0;0.1
134;Aceptado;;2021.0;N;N;Bajo;N;0.5;0.0;0.0
134;Pendiente;;2021.0;S;N;Alto;N;0.5;0.0;0.05
134;Aceptado;18/08/2021;2021.0;S;S;Alto;N;0.0;0.0;125
134;Pendiente;03/08/2021;2021.0;S;S;Alto;N;1.0;0.3333333333333333;0.15
134;Aceptado;;2021.0;N;N;Medio;N;0.0;0.0;25
134;Pendiente;;2021.0;S;N;Medio;N;0.0;0.0;0.05
134;Aceptado;;2021.0;N;N;Bajo;N;0.5;0.3333333333333333;0.0
134;Pendiente;;2021.0;N;N;Medio;N;0.5;0.3333333333333333;25
134;Pendiente;;2021.0;N;N;Bajo;N;0.0;0.3333333333333333;0.0
134;Pendiente;20/12/2021;2021.0;N;N;Medio;N;0.5;0.3333333333333333;25
134;Pendiente;;2021.0;S;N;Alto;N;1.0;0.3333333333333333;0.05
134;Pendiente;;2021.0;S;N;Medio;N;0.5;0.6666666666666666;0.05
134;Aceptado;19/08/2021;2021.0;S;S;Medio;N;1.0;0.3333333333333333;225
134;Pendiente;20/12/2021;2021.0;S;N;Medio;N;1.0;0.0;75
134;Pendiente;;2021.0;S;S;Medio;N;0.5;0.0;175
134;Pendiente;20/08/2021;2021.0;S;N;Alto;N;0.5;0.3333333333333333;75
134;Pendiente;;2021.0;N;N;Bajo;N;0.0;0.0;0.0
134;Aceptado;;2021.0;S;N;Alto;N;1.0;0.0;75
134;Aceptado;16/12/2021;2021.0;S;N;Medio;A;0.5;0.3333333333333333;75
134;Aceptado;20/08/2021;2021.0;S;N;Medio;N;1.0;0.0;0.1
134;Aceptado;;2021.0;N;N;Bajo;N;0.5;0.0;0.0
134;Aceptado;;2021.0;N;N;Bajo;N;0.5;0.0;0.0
134;Pendiente;;2021.0;S;N;Alto;N;0.0;0.0;0.05
134;Aceptado;;2021.0;S;S;Medio;N;0.5;0.6666666666666666;125
134;Pendiente;;2021.0;N;N;Medio;N;0.5;0.3333333333333333;25
134;Aceptado;;2021.0;S;N;Medio;N;1.0;0.6666666666666666;0.05
134;Aceptado;18/08/2021;2021.0;S;S;Alto;N;0.0;0.0;275
134;Aceptado;;2021.0;N;N;Bajo;N;1.0;0.0;0.0
134;Aceptado;;2021.0;S;N;Medio;N;0.5;0.0;75
134;Pendiente;;2021.0;S;N;Medio;N;1.0;0.6666666666666666;0.05
134;Aceptado;;2021.0;S;N;Alto;N;1.0;0.0;75
134;Aceptado;;2021.0;S;N;Alto;N;0.0;0.0;0.05
134;Pendiente;05/08/2021;2021.0;S;N;Alto;N;1.0;0.0;0.1
134;Aceptado;;2021.0;N;N;Bajo;N;0.5;0.0;0.0
134;Pendiente;;2021.0;S;N;Medio;N;0.5;0.3333333333333333;0.05
134;Aceptado;;2021.0;S;N;Alto;N;0.5;0.0;0.05
134;Aceptado;;2021.0;N;N;Bajo;N;1.0;0.0;0.0
134;Aceptado;;2021.0;N;N;Bajo;N;0.5;0.0;0.0
134;Pendiente;;2021.0;S;N;Alto;N;1.0;0.6666666666666666;75
134;Pendiente;;2021.0;S;N;Medio;N;1.0;0.0;75
134;Aceptado;;2021.0;N;N;Bajo;N;0.5;0.3333333333333333;0.0
134;Aceptado;;2021.0;S;N;Alto;N;0.5;0.0;0.05
134;Pendiente;;2021.0;N;N;Bajo;N;0.5;0.0;0.0
134;Aceptado;20/08/2021;2021.0;S;N;Alto;N;1.0;0.0;0.1
134;Pendiente;;2021.0;S;S;Alto;N;1.0;0.6666666666666666;125
134;Aceptado;;2021.0;S;S;Alto;N;0.5;0.3333333333333333;0.2
134;Aceptado;19/08/2021;2021.0;S;S;Alto;N;1.0;0.0;325
134;Pendiente;;2021.0;S;N;Alto;N;0.5;0.0;0.05
134;Pendiente;19/08/2021;2021.0;S;S;Alto;N;1.0;0.0;0.3
134;Pendiente;17/08/2021;2021.0;S;S;Alto;N;1.0;0.0;0.25
134;Aceptado;;2021.0;N;N;Bajo;N;1.0;0.0;0.0
134;Pendiente;;2021.0;N;N;Bajo;N;1.0;0.0;0.0
134;Aceptado;;2021.0;S;N;Medio;N;0.5;0.0;75
134;Aceptado;;2021.0;N;N;Alto;N;1.0;0.0;25
134;Aceptado;;2021.0;N;N;Bajo;N;0.0;0.6666666666666666;0.0
134;Pendiente;;2021.0;S;N;Alto;N;1.0;0.0;0.05
134;Aceptado;;2021.0;S;N;Alto;N;0.0;0.0;0.1
134;Aceptado;;2021.0;S;N;Alto;N;1.0;0.0;0.05
134;Aceptado;;2021.0;N;N;Alto;N;0.5;0.0;25
134;Pendiente;;2021.0;S;N;Alto;N;1.0;0.0;0.1
134;Pendiente;;2021.0;S;N;Alto;N;0.5;0.0;0.05
134;Aceptado;;2021.0;S;N;Alto;N;1.0;0.3333333333333333;0.05
134;Aceptado;;2021.0;S;N;Medio;N;0.0;0.0;0.1
134;Aceptado;;2021.0;S;N;Alto;N;0.5;0.0;75
134;Pendiente;18/08/2021;2021.0;S;S;Alto;N;0.0;0.0;0.3
134;Pendiente;;2021.0;S;N;Alto;N;0.0;0.0;0.05
134;Aceptado;;2021.0;N;N;Medio;N;0.0;1.0;25
134;Pendiente;;2021.0;N;N;Medio;N;0.5;0.0;25
134;Aceptado;03/08/2021;2021.0;S;S;Alto;N;0.5;0.0;175
134;Pendiente;;2021.0;S;N;Alto;N;1.0;0.0;0.05
134;Aceptado;20/08/2021;2021.0;S;S;Alto;N;0.5;1.0;425
134;Pendiente;;2021.0;S;N;Medio;N;1.0;0.0;0.05
134;Aceptado;;2021.0;S;N;Medio;N;1.0;0.0;0.05
134;Pendiente;;2021.0;N;N;Alto;N;1.0;0.6666666666666666;25
134;Pendiente;;2021.0;N;N;Bajo;N;1.0;0.0;0.0
134;Pendiente;;2021.0;S;S;Alto;N;0.5;0.6666666666666666;175
134;Aceptado;;2021.0;S;S;Medio;N;1.0;0.0;125
134;Pendiente;05/08/2021;2021.0;S;S;Medio;N;1.0;0.3333333333333333;0.7
134;Aceptado;;2021.0;N;N;Medio;N;1.0;0.6666666666666666;25
134;Aceptado;;2021.0;S;N;Medio;N;0.5;0.3333333333333333;75
134;Pendiente;;2021.0;S;N;Medio;N;1.0;0.0;0.05
134;Aceptado;;2021.0;N;N;Alto;N;0.5;0.0;25
134;Pendiente;;2021.0;N;N;Medio;N;1.0;0.0;25
134;Aceptado;;2021.0;N;N;Bajo;N;1.0;0.0;0.0
134;Aceptado;;2021.0;S;N;Alto;N;1.0;0.0;0.05
134;Pendiente;;2021.0;S;S;Alto;N;0.5;0.0;0.4
134;Pendiente;;2021.0;S;N;Medio;N;1.0;0.0;0.05
134;Aceptado;;2021.0;S;N;Medio;N;0.5;0.0;0.05
134;Pendiente;;2021.0;S;S;Alto;N;1.0;0.6666666666666666;0.4
134;Pendiente;;2021.0;N;N;Alto;N;0.5;0.0;25
134;Aceptado;;2021.0;N;N;Medio;N;0.5;0.0;25
134;Pendiente;;2021.0;S;N;Medio;N;1.0;0.0;0.05
134;Aceptado;20/08/2021;2021.0;S;S;Alto;N;0.5;0.0;0.4
134;Pendiente;18/08/2021;2021.0;S;S;Alto;N;1.0;0.3333333333333333;0.25
134;Aceptado;18/08/2021;2021.0;S;N;Medio;N;1.0;0.0;0.1
134;Pendiente;16/12/2021;2021.0;S;S;Alto;N;1.0;0.0;0.35
134;Pendiente;;2021.0;N;N;Alto;I;0.5;0.6666666666666666;25
134;Aceptado;;2021.0;N;N;Medio;N;0.5;0.3333333333333333;25
134;Aceptado;;2021.0;N;N;Bajo;N;0.5;0.3333333333333333;0.0
134;Pendiente;19/08/2021;2021.0;S;S;Alto;N;0.0;0.0;0.3
134;Aceptado;18/08/2021;2021.0;S;S;Alto;N;1.0;0.3333333333333333;275
134;Pendiente;18/08/2021;2021.0;S;S;Alto;N;0.5;0.3333333333333333;0.2
134;Aceptado;;2021.0;S;N;Medio;N;1.0;0.0;75
134;Pendiente;;2021.0;N;N;Medio;N;0.5;0.0;25
134;Aceptado;23/08/2021;2021.0;S;N;Medio;N;0.5;0.6666666666666666;0.1
134;Aceptado;18/08/2021;2021.0;S;S;Alto;N;0.5;0.0;0.3
134;Pendiente;20/08/2021;2021.0;S;N;Medio;N;0.5;0.0;0.1
134;Aceptado;;2021.0;N;N;Alto;N;0.5;0.3333333333333333;25
134;Pendiente;;2021.0;S;S;Alto;N;1.0;0.6666666666666666;0.15
134;Aceptado;;2021.0;S;N;Medio;N;0.5;0.6666666666666666;0.05
134;Pendiente;18/08/2021;2021.0;S;S;Alto;N;0.5;0.3333333333333333;125
134;Pendiente;;2021.0;S;N;Medio;N;0.5;0.0;0.1
134;Aceptado;;2021.0;S;S;Medio;N;0.5;0.3333333333333333;0.4
134;Aceptado;;2021.0;S;N;Alto;N;1.0;0.3333333333333333;0.05
134;Aceptado;20/08/2021;2021.0;S;S;Medio;N;1.0;0.0;0.3
134;Aceptado;;2021.0;N;N;Bajo;N;0.5;0.3333333333333333;0.0
134;Aceptado;;2021.0;S;N;Medio;N;1.0;0.0;0.05
134;Pendiente;;2021.0;N;N;Alto;N;1.0;0.0;25
134;Aceptado;20/08/2021;2021.0;S;N;Medio;N;0.5;0.0;75
134;Aceptado;;2021.0;S;S;Medio;N;0.5;0.3333333333333333;375
134;Aceptado;;2021.0;S;N;Medio;N;0.5;0.0;75
134;Pendiente;;2021.0;S;N;Medio;N;0.5;0.3333333333333333;0.05
134;Pendiente;20/12/2021;2021.0;S;S;Alto;N;1.0;0.0;0.2
134;Aceptado;23/08/2021;2021.0;S;S;Medio;N;1.0;0.0;0.3
134;Pendiente;23/02/2021;2021.0;S;N;Alto;N;0.5;0.6666666666666666;0.05
134;Pendiente;;2021.0;S;N;Alto;N;1.0;0.0;0.05
134;Aceptado;;2021.0;N;N;Bajo;N;0.5;0.0;0.0
134;Pendiente;;2021.0;S;N;Alto;N;0.5;0.0;0.05
134;Pendiente;;2021.0;N;N;Bajo;N;0.5;0.3333333333333333;0.0
134;Pendiente;18/08/2021;2021.0;S;N;Medio;N;1.0;0.0;75
134;Aceptado;;2021.0;S;N;Medio;N;1.0;0.0;0.05
134;Aceptado;20/08/2021;2021.0;S;S;Medio;N;0.5;0.0;325
134;Aceptado;18/08/2021;2021.0;S;S;Alto;N;1.0;0.0;0.25
134;Aceptado;;2021.0;S;N;Alto;N;0.5;0.6666666666666666;0.05
134;Pendiente;;2021.0;S;N;Alto;N;0.0;0.0;0.05
134;Aceptado;;2021.0;S;N;Medio;N;1.0;0.0;0.05
134;Aceptado;20/08/2021;2021.0;S;S;Alto;N;0.0;0.0;0.3
134;Aceptado;;2021.0;N;N;Bajo;N;0.5;0.0;0.0
134;Aceptado;;2021.0;S;N;Alto;N;1.0;0.0;75
134;Aceptado;18/08/2021;2021.0;S;S;Medio;N;0.5;0.0;0.55
134;Pendiente;;2021.0;S;N;Alto;N;0.0;0.0;75
134;Aceptado;;2021.0;N;N;Alto;N;0.5;0.0;25
134;Pendiente;23/08/2021;2021.0;S;S;Alto;N;0.0;0.0;175
134;Pendiente;;2021.0;N;N;Bajo;N;1.0;0.3333333333333333;0.0
134;Aceptado;;2021.0;S;N;Medio;N;0.5;0.0;0.05
134;Pendiente;;2021.0;S;N;Alto;N;1.0;0.3333333333333333;0.1
134;Aceptado;;2021.0;N;N;Bajo;N;0.5;0.0;0.0
134;Pendiente;;2021.0;S;N;Medio;N;0.0;0.3333333333333333;0.05
134;Pendiente;;2021.0;S;N;Alto;N;1.0;0.3333333333333333;75
134;Pendiente;20/08/2021;2021.0;S;N;Alto;N;1.0;0.0;75
134;Aceptado;;2021.0;S;N;Medio;N;0.5;0.0;0.05
134;Aceptado;19/08/2021;2021.0;S;S;Medio;N;1.0;0.0;325
134;Pendiente;16/12/2021;2021.0;S;S;Medio;N;0.5;0.0;125
134;Pendiente;;2021.0;S;N;Alto;N;1.0;0.0;0.05
134;Aceptado;;2021.0;S;N;Medio;N;0.5;0.0;0.05
134;Aceptado;;2021.0;S;N;Alto;N;0.5;0.0;0.05
134;Pendiente;;2021.0;S;N;Alto;N;1.0;0.0;0.05
134;Aceptado;;2021.0;N;N;Bajo;N;0.5;0.3333333333333333;0.0
134;Aceptado;;2021.0;N;N;Bajo;N;1.0;0.0;0.0
134;Aceptado;;2021.0;S;N;Alto;N;1.0;0.0;75
134;Aceptado;23/08/2021;2021.0;S;S;Medio;N;1.0;0.0;175
134;Pendiente;;2021.0;S;N;Alto;N;0.5;0.3333333333333333;0.05
134;Pendiente;;2021.0;N;N;Bajo;N;0.5;0.3333333333333333;0.0
134;Aceptado;;2021.0;S;N;Alto;N;0.5;0.0;0.05
134;Pendiente;18/08/2021;2021.0;S;S;Alto;N;1.0;0.6666666666666666;175
134;Pendiente;18/08/2021;2021.0;S;S;Alto;N;0.0;0.0;0.25
134;Pendiente;;2021.0;S;N;Medio;N;1.0;0.0;0.05
134;Aceptado;;2021.0;N;N;Alto;N;0.0;0.0;25
134;Pendiente;;2021.0;N;N;Medio;N;0.5;0.0;25
134;Pendiente;;2021.0;S;N;Medio;N;1.0;0.0;0.1
134;Aceptado;;2021.0;N;N;Bajo;N;0.5;0.3333333333333333;0.0
134;Pendiente;;2021.0;N;N;Bajo;N;1.0;0.0;0.0
134;Aceptado;;2021.0;N;N;Alto;N;1.0;0.0;25
134;Aceptado;;2021.0;S;N;Medio;N;0.5;0.3333333333333333;0.1
134;Pendiente;;2021.0;N;N;Bajo;N;1.0;0.3333333333333333;0.0
134;Pendiente;;2021.0;S;S;Medio;N;0.5;0.0;125
134;Aceptado;16/12/2021;2021.0;S;N;Medio;N;0.5;0.3333333333333333;75
134;Pendiente;;2021.0;N;N;Bajo;N;0.5;0.3333333333333333;0.0
134;Pendiente;;2021.0;S;N;Medio;N;0.5;0.0;0.05
134;Aceptado;;2021.0;S;N;Medio;N;1.0;0.0;0.05
134;Aceptado;;2021.0;N;N;Medio;N;0.5;0.0;25
134;Pendiente;;2021.0;S;N;Medio;N;0.5;0.3333333333333333;0.05
134;Pendiente;07/08/2021;2021.0;S;S;Alto;N;1.0;0.0;0.2
134;Aceptado;;2021.0;N;N;Alto;N;1.0;0.3333333333333333;25
134;Pendiente;;2021.0;S;N;Alto;N;0.5;0.0;0.05
134;Aceptado;;2021.0;N;N;Bajo;N;0.5;0.6666666666666666;0.0
134;Aceptado;;2021.0;S;N;Alto;N;0.5;0.0;0.05
134;Pendiente;19/08/2021;2021.0;S;S;Alto;N;0.5;0.0;275
134;Pendiente;20/08/2021;2021.0;S;S;Alto;N;0.0;0.0;0.3
134;Aceptado;;2021.0;S;S;Alto;N;0.5;0.0;0.15
134;Pendiente;18/08/2021;2021.0;S;S;Alto;N;1.0;0.0;0.3
134;Pendiente;04/08/2021;2021.0;S;S;Alto;N;0.5;0.6666666666666666;875
134;Pendiente;;2021.0;N;N;Medio;N;1.0;0.0;25
134;Pendiente;20/08/2021;2021.0;S;S;Medio;N;1.0;0.0;0.75
134;Pendiente;17/08/2021;2021.0;S;N;Medio;N;0.5;0.0;0.05
134;Pendiente;;2021.0;S;N;Medio;N;1.0;0.3333333333333333;0.05
134;Aceptado;;2021.0;N;N;Medio;N;0.5;0.0;25
134;Pendiente;;2021.0;S;S;Medio;N;0.5;0.3333333333333333;0.25
134;Aceptado;;2021.0;N;N;Medio;N;1.0;0.6666666666666666;25
134;Pendiente;18/08/2021;2021.0;S;S;Alto;N;0.0;0.0;0.15
134;Aceptado;;2021.0;S;N;Alto;N;1.0;0.3333333333333333;0.1
134;Pendiente;18/08/2021;2021.0;S;S;Medio;N;0.0;0.0;225
134;Aceptado;18/08/2021;2021.0;S;N;Medio;N;1.0;0.0;75
134;Aceptado;;2021.0;S;N;Alto;N;1.0;0.0;0.05
134;Aceptado;;2021.0;S;N;Medio;N;1.0;0.0;0.1
134;Aceptado;;2021.0;S;N;Medio;N;0.5;0.6666666666666666;75
134;Pendiente;20/08/2021;2021.0;S;N;Alto;N;0.5;0.3333333333333333;0.1
134;Pendiente;;2021.0;S;N;Medio;N;0.5;0.0;0.05
134;Pendiente;;2021.0;S;N;Alto;N;0.5;0.0;0.05
134;Pendiente;20/12/2021;2021.0;S;S;Medio;N;0.0;0.0;175
134;Pendiente;;2021.0;N;N;Alto;N;0.5;0.0;25
134;Pendiente;;2021.0;S;N;Medio;N;0.5;0.0;0.05
134;Pendiente;;2021.0;N;N;Bajo;N;0.5;0.6666666666666666;0.0
134;Pendiente;23/08/2021;2021.0;S;N;Medio;N;1.0;0.0;0.1
134;Pendiente;;2021.0;S;N;Medio;N;0.5;0.0;0.05
134;Pendiente;16/12/2021;2021.0;S;N;Alto;N;1.0;0.0;0.1
134;Aceptado;;2021.0;S;N;Alto;N;1.0;0.3333333333333333;0.05
134;Aceptado;;2021.0;S;N;Medio;N;0.5;0.0;0.05
134;Pendiente;17/12/2021;2021.0;S;N;Medio;N;0.5;0.0;75
134;Pendiente;21/08/2021;2021.0;S;S;Alto;N;1.0;0.3333333333333333;0.55
134;Aceptado;;2021.0;N;N;Bajo;N;0.0;0.0;0.0
134;Pendiente;;2021.0;S;N;Alto;N;0.0;0.0;0.05
134;Aceptado;;2021.0;N;N;Alto;N;0.5;0.0;25
134;Pendiente;;2021.0;N;N;Bajo;N;0.0;0.0;0.0
134;Pendiente;;2021.0;S;N;Medio;N;0.5;0.3333333333333333;0.1
134;Pendiente;20/08/2021;2021.0;S;N;Medio;N;0.5;0.0;0.05
134;Aceptado;;2021.0;S;N;Medio;N;0.0;0.6666666666666666;0.05
134;Aceptado;;2021.0;N;N;Medio;N;0.5;0.0;25
134;Aceptado;;2021.0;S;N;Medio;N;0.5;0.0;0.05
134;Aceptado;;2021.0;N;N;Medio;N;1.0;0.0;25
134;Pendiente;;2021.0;N;N;Bajo;N;1.0;0.0;0.0
134;Pendiente;;2021.0;N;N;Bajo;N;0.5;0.3333333333333333;0.0
134;Aceptado;;2021.0;S;N;Alto;N;0.0;0.0;75
134;Pendiente;;2021.0;N;N;Medio;N;0.5;0.0;25
134;Aceptado;;2021.0;N;N;Bajo;N;1.0;0.3333333333333333;0.0
134;Pendiente;;2021.0;S;N;Medio;N;1.0;0.3333333333333333;0.05
134;Aceptado;;2021.0;N;N;Bajo;N;0.5;0.3333333333333333;0.0
134;Pendiente;;2021.0;S;N;Medio;N;0.5;0.0;0.05
134;Pendiente;;2021.0;S;N;Medio;N;1.0;0.0;0.05
134;Pendiente;;2021.0;S;N;Medio;N;0.5;0.3333333333333333;0.05
134;Aceptado;;2021.0;N;N;Bajo;N;1.0;0.3333333333333333;0.0
134;Pendiente;;2021.0;S;S;Alto;I;1.0;0.0;0.45
134;Aceptado;18/08/2021;2021.0;S;S;Alto;N;1.0;0.3333333333333333;125
134;Aceptado;;2021.0;S;S;Medio;N;0.5;0.0;0.2
134;Pendiente;;2021.0;S;N;Alto;N;0.0;0.0;0.05
135;Aceptado;;2021.0;N;N;Bajo;N;1.0;0.0;0.0
135;Aceptado;;2021.0;S;N;Medio;N;0.5;0.0;0.05
135;Aceptado;;2021.0;N;N;Bajo;N;1.0;0.0;0.0
135;Pendiente;;2021.0;N;N;Medio;N;0.5;0.0;25
135;Aceptado;;2021.0;S;N;Alto;N;0.5;0.0;75
135;Aceptado;18/08/2021;2021.0;S;N;Alto;N;0.5;0.3333333333333333;75
135;Aceptado;;2021.0;S;N;Alto;N;1.0;0.3333333333333333;0.05
135;Aceptado;;2021.0;N;N;Bajo;N;0.5;0.3333333333333333;0.0
135;Aceptado;;2021.0;S;N;Medio;N;0.5;0.0;0.05
135;Pendiente;;2021.0;S;S;Alto;N;0.5;0.0;125
135;Aceptado;;2021.0;N;N;Medio;N;0.0;0.0;25
135;Pendiente;;2021.0;N;N;Bajo;N;1.0;0.6666666666666666;0.0
135;Aceptado;;2021.0;S;N;Alto;N;0.0;0.0;75
135;Pendiente;;2021.0;S;N;Medio;N;1.0;0.0;0.05
135;Aceptado;;2021.0;N;N;Medio;N;0.5;0.6666666666666666;25
135;Aceptado;;2021.0;N;N;Bajo;N;0.5;0.0;0.0
135;Aceptado;;2021.0;S;N;Medio;N;0.5;0.6666666666666666;0.05
135;Pendiente;;2021.0;S;N;Medio;N;0.5;0.0;0.05
135;Aceptado;;2021.0;S;N;Alto;N;1.0;0.6666666666666666;75
135;Pendiente;;2021.0;N;N;Bajo;N;1.0;0.0;0.0
135;Pendiente;;2021.0;S;N;Medio;N;0.5;0.3333333333333333;0.05
135;Aceptado;;2021.0;S;N;Medio;N;1.0;0.0;0.1
135;Aceptado;;2021.0;S;N;Medio;N;0.5;0.3333333333333333;0.05
135;Aceptado;;2021.0;N;N;Bajo;N;0.0;0.0;0.0
135;Aceptado;;2021.0;S;N;Medio;N;1.0;0.3333333333333333;0.05
135;Aceptado;;2021.0;S;N;Medio;N;0.5;0.3333333333333333;0.05
135;Pendiente;;2021.0;N;N;Medio;N;0.5;0.3333333333333333;25
135;Pendiente;20/08/2021;2021.0;S;S;Alto;N;0.5;0.0;125
135;Aceptado;;2021.0;N;N;Alto;N;0.0;0.0;25
135;Aceptado;18/08/2021;2021.0;S;S;Medio;N;0.0;0.6666666666666666;0.15
135;Aceptado;16/12/2021;2021.0;S;S;Alto;N;0.5;0.0;175
135;Pendiente;;2021.0;S;N;Medio;N;1.0;0.0;0.05
135;Aceptado;03/08/2021;2021.0;S;S;Alto;N;0.0;0.0;175
135;Aceptado;;2021.0;N;N;Bajo;N;1.0;0.0;0.0
135;Pendiente;23/08/2021;2021.0;S;S;Alto;N;0.5;0.3333333333333333;125
135;Aceptado;;2021.0;S;N;Alto;N;0.5;0.3333333333333333;0.05
135;Pendiente;;2021.0;N;N;Medio;N;1.0;0.6666666666666666;25
135;Aceptado;;2021.0;S;N;Medio;N;1.0;0.0;75
135;Aceptado;;2021.0;S;N;Alto;N;0.5;0.0;0.05
135;Aceptado;;2021.0;S;N;Medio;N;1.0;0.0;0.05
135;Pendiente;18/08/2021;2021.0;S;S;Medio;N;1.0;0.0;125
135;Pendiente;20/08/2021;2021.0;S;S;Alto;N;1.0;0.0;225
135;Aceptado;;2021.0;N;N;Alto;N;1.0;0.0;25
135;Pendiente;;2021.0;N;N;Alto;N;1.0;0.0;25
135;Aceptado;;2021.0;S;S;Alto;N;0.5;0.0;125
135;Aceptado;;2021.0;S;N;Alto;N;0.5;0.0;75
135;Aceptado;;2021.0;S;N;Alto;N;0.5;0.0;75
135;Pendiente;;2021.0;N;N;Alto;N;1.0;0.6666666666666666;25
135;Pendiente;;2021.0;N;N;Bajo;N;1.0;0.0;0.0
135;Aceptado;;2021.0;S;N;Medio;N;0.5;0.0;0.05
135;Aceptado;;2021.0;S;N;Alto;N;0.5;0.0;0.05
135;Aceptado;;2021.0;S;N;Alto;N;0.5;1.0;0.05
135;Aceptado;18/08/2021;2021.0;S;S;Alto;N;0.5;0.0;0.2
135;Aceptado;;2021.0;N;N;Bajo;N;1.0;0.6666666666666666;0.0
135;Pendiente;23/08/2021;2021.0;S;S;Alto;N;0.5;0.0;0.3
135;Aceptado;;2021.0;N;N;Bajo;N;0.5;0.6666666666666666;0.0
135;Aceptado;;2021.0;N;N;Alto;N;1.0;0.0;25
135;Pendiente;;2021.0;N;N;Bajo;N;0.5;0.3333333333333333;0.0
135;Pendiente;;2021.0;S;N;Alto;N;1.0;0.6666666666666666;0.05
135;Pendiente;;2021.0;N;N;Medio;N;0.5;0.0;25
135;Aceptado;;2021.0;S;N;Alto;N;0.5;0.0;75
135;Pendiente;;2021.0;S;S;Medio;N;0.5;0.6666666666666666;225
135;Aceptado;;2021.0;S;N;Medio;N;1.0;0.0;0.05
135;Aceptado;;2021.0;N;N;Bajo;N;0.0;0.0;0.0
135;Pendiente;18/08/2021;2021.0;S;S;Alto;N;0.5;0.3333333333333333;0.25
135;Aceptado;18/08/2021;2021.0;S;S;Medio;N;0.5;0.3333333333333333;0.2
135;Aceptado;;2021.0;S;N;Alto;N;0.5;0.0;0.05
135;Aceptado;20/08/2021;2021.0;S;S;Medio;N;0.5;0.0;125
135;Aceptado;;2021.0;S;S;Alto;N;0.5;0.0;0.15
135;Pendiente;;2021.0;S;N;Medio;N;1.0;0.6666666666666666;75
135;Aceptado;16/12/2021;2021.0;S;S;Alto;N;0.5;0.3333333333333333;0.25
135;Aceptado;;2021.0;S;N;Alto;N;0.5;0.6666666666666666;75
135;Aceptado;;2021.0;N;N;Bajo;N;1.0;0.3333333333333333;0.0
135;Aceptado;18/08/2021;2021.0;S;S;Alto;N;0.5;0.0;175
135;Aceptado;;2021.0;S;N;Medio;N;1.0;0.6666666666666666;0.05
135;Aceptado;18/08/2021;2021.0;S;S;Alto;N;0.5;0.6666666666666666;0.35
135;Aceptado;21/08/2021;2021.0;S;S;Medio;N;1.0;0.6666666666666666;0.5
135;Pendiente;;2021.0;S;N;Medio;N;0.5;0.0;0.05
135;Pendiente;19/08/2021;2021.0;S;S;Alto;N;0.5;0.0;175
135;Aceptado;03/08/2021;2021.0;S;N;Alto;N;0.5;0.3333333333333333;75
135;Pendiente;;2021.0;N;N;Bajo;N;0.5;0.0;0.0
135;Pendiente;17/12/2021;2021.0;S;S;Alto;N;1.0;0.0;0.65
135;Pendiente;;2021.0;S;N;Alto;N;1.0;0.0;75
135;Pendiente;;2021.0;S;N;Alto;N;0.5;0.0;75
135;Aceptado;;2021.0;N;N;Bajo;N;0.5;0.3333333333333333;0.0
135;Pendiente;18/08/2021;2021.0;S;S;Medio;N;1.0;0.3333333333333333;0.2
135;Pendiente;;2021.0;N;N;Medio;N;0.0;0.0;25
135;Pendiente;;2021.0;S;N;Alto;N;0.5;0.0;75
135;Aceptado;;2021.0;S;N;Medio;N;1.0;0.0;0.05
135;Aceptado;;2021.0;S;N;Medio;N;0.0;0.3333333333333333;0.05
135;Aceptado;;2021.0;N;N;Alto;N;0.5;0.3333333333333333;25
135;Pendiente;;2021.0;N;N;Alto;N;1.0;0.0;25
135;Aceptado;;2021.0;S;N;Alto;N;0.5;0.3333333333333333;0.05
135;Pendiente;;2021.0;S;N;Alto;A;0.5;1.0;75
135;Pendiente;;2021.0;N;N;Alto;N;0.5;0.3333333333333333;25
135;Aceptado;;2021.0;N;N;Medio;N;0.0;0.0;25
135;Aceptado;;2021.0;S;N;Alto;N;0.5;0.3333333333333333;0.05
135;Pendiente;03/08/2021;2021.0;S;S;Alto;N;0.5;0.0;125
135;Pendiente;;2021.0;S;N;Medio;N;1.0;0.0;0.05
135;Aceptado;23/08/2021;2021.0;S;N;Alto;N;0.5;0.0;0.1
135;Aceptado;;2021.0;N;N;Medio;N;0.0;1.0;25
135;Pendiente;;2021.0;N;N;Bajo;N;1.0;0.0;0.0
135;Aceptado;;2021.0;S;N;Alto;N;0.5;0.0;0.1
135;Pendiente;19/08/2021;2021.0;S;S;Alto;N;0.5;0.3333333333333333;375
135;Pendiente;23/08/2021;2021.0;S;S;Alto;N;0.5;0.0;275
135;Pendiente;;2021.0;S;N;Medio;N;0.5;0.0;0.05
135;Pendiente;23/08/2021;2021.0;S;S;Alto;N;1.0;0.0;0.15
135;Aceptado;;2021.0;S;N;Alto;N;0.5;0.0;0.05
135;Aceptado;;2021.0;S;N;Medio;N;0.5;0.3333333333333333;0.1
135;Aceptado;;2021.0;N;N;Alto;N;0.5;0.0;25
135;Aceptado;;2021.0;S;N;Medio;N;0.0;0.6666666666666666;0.05
135;Aceptado;;2021.0;S;S;Medio;N;1.0;0.0;0.3
135;Aceptado;;2021.0;S;N;Medio;N;0.5;0.0;0.05
135;Aceptado;;2021.0;S;N;Medio;N;0.5;0.0;0.05
135;Aceptado;;2021.0;S;N;Alto;N;0.5;0.0;0.05
135;Aceptado;18/08/2021;2021.0;S;S;Alto;N;0.5;0.3333333333333333;0.2
135;Aceptado;17/08/2021;2021.0;S;S;Alto;N;1.0;0.0;225
135;Aceptado;;2021.0;N;N;Bajo;N;0.0;0.0;0.0
135;Aceptado;;2021.0;S;N;Medio;N;0.5;0.0;0.1
135;Pendiente;23/08/2021;2021.0;S;S;Medio;N;1.0;0.0;0.5
135;Aceptado;20/08/2021;2021.0;S;N;Alto;N;1.0;0.0;0.1
135;Pendiente;;2021.0;S;S;Medio;N;0.5;0.6666666666666666;275
135;Pendiente;20/08/2021;2021.0;S;N;Alto;N;0.5;0.0;0.1
135;Pendiente;04/08/2021;2021.0;S;N;Medio;N;0.5;0.0;75
135;Aceptado;;2021.0;S;N;Medio;N;0.5;0.0;75
135;Aceptado;;2021.0;S;S;Alto;N;1.0;0.0;125
135;Pendiente;18/08/2021;2021.0;S;N;Alto;N;0.5;0.3333333333333333;0.1
135;Aceptado;;2021.0;N;N;Medio;N;1.0;0.0;25
135;Pendiente;;2021.0;S;N;Medio;N;1.0;0.0;0.05
135;Aceptado;07/08/2021;2021.0;S;S;Medio;N;1.0;0.3333333333333333;0.65
135;Aceptado;;2021.0;S;N;Medio;N;0.5;0.0;0.05
135;Pendiente;23/08/2021;2021.0;S;S;Alto;N;0.5;0.0;125
135;Pendiente;;2021.0;N;N;Bajo;N;0.5;0.0;0.0
135;Aceptado;23/08/2021;2021.0;S;S;Medio;N;0.5;0.3333333333333333;0.35
135;Aceptado;;2021.0;S;N;Alto;N;0.0;1.0;0.1
135;Aceptado;23/08/2021;2021.0;S;S;Alto;N;0.0;0.0;0.15
135;Aceptado;18/08/2021;2021.0;S;S;Medio;N;1.0;0.0;275
135;Aceptado;;2021.0;S;N;Alto;N;0.5;0.0;0.1
135;Pendiente;;2021.0;S;N;Alto;N;0.5;0.0;0.05
135;Pendiente;;2021.0;S;S;Alto;N;0.5;0.3333333333333333;0.15
135;Pendiente;18/08/2021;2021.0;S;S;Alto;N;1.0;0.0;225
135;Aceptado;19/08/2021;2021.0;S;S;Alto;N;0.5;0.0;0.2
135;Pendiente;;2021.0;S;N;Alto;N;1.0;0.0;75
135;Pendiente;18/08/2021;2021.0;S;S;Alto;N;1.0;0.0;225
135;Aceptado;;2021.0;S;N;Medio;N;0.5;0.0;0.1
143;Pendiente;;2021.0;S;N;Alto;N;1.0;0.0;0.05
143;Pendiente;;2021.0;N;N;Bajo;N;0.5;0.3333333333333333;0.0
143;Pendiente;;2021.0;S;N;Alto;N;0.5;0.0;0.05
143;Aceptado;;2021.0;S;S;Alto;N;0.5;0.3333333333333333;125
143;Pendiente;;2021.0;S;S;Alto;N;1.0;0.6666666666666666;0.23809523809523808
143;Pendiente;;2021.0;N;N;Bajo;N;0.5;0.0;0.0
143;Pendiente;17/08/2021;2021.0;S;S;Medio;N;0.5;0.0;0.23809523809523808
143;Aceptado;;2021.0;N;N;Bajo;N;0.5;0.3333333333333333;0.0
143;Aceptado;;2021.0;N;N;Alto;N;0.5;0.0;25
143;Pendiente;;2021.0;S;S;Medio;I;1.0;0.3333333333333333;0.2
143;Pendiente;;2021.0;N;N;Alto;N;1.0;0.0;25
143;Aceptado;;2021.0;N;N;Alto;N;1.0;0.3333333333333333;25
143;Aceptado;05/08/2021;2021.0;S;S;Medio;N;1.0;0.0;0.2
143;Pendiente;05/08/2021;2021.0;S;S;Medio;N;1.0;0.0;0.2
143;Pendiente;;2021.0;N;N;Bajo;N;0.5;0.6666666666666666;0.0
143;Pendiente;;2021.0;N;N;Alto;N;0.0;0.0;25
143;Aceptado;;2021.0;S;N;Alto;N;1.0;0.0;0.047619047619047616
143;Aceptado;23/08/2021;2021.0;S;S;Medio;N;1.0;0.0;0.14285714285714285
143;Pendiente;;2021.0;S;N;Medio;N;0.0;0.0;0.047619047619047616
143;Aceptado;;2021.0;N;N;Bajo;N;0.5;0.0;0.05
143;Pendiente;;2021.0;S;S;Alto;N;0.5;0.0;0.2619047619047619
143;Aceptado;;2021.0;S;S;Medio;N;0.5;0.0;0.0
143;Pendiente;23/08/2021;2021.0;S;N;Alto;N;0.5;0.0;0.047619047619047616
143;Pendiente;;2021.0;S;S;Medio;N;0.5;0.0;0.07142857142857142
143;Aceptado;;2021.0;S;S;Alto;N;0.5;0.0;0.023809523809523808
143;Pendiente;;2021.0;S;N;Medio;N;1.0;0.0;0.38095238095238093
143;Aceptado;;2021.0;S;S;Alto;N;0.0;0.3333333333333333;0.047619047619047616
143;Pendiente;;2021.0;S;N;Alto;N;1.0;0.6666666666666666;0.0
143;Pendiente;;2021.0;N;N;Bajo;N;0.5;0.3333333333333333;0.11904761904761904
143;Pendiente;;2021.0;S;S;Alto;N;0.0;0.0;0.047619047619047616
143;Pendiente;20/08/2021;2021.0;S;N;Medio;N;0.5;0.0;0.023809523809523808
143;Pendiente;;2021.0;S;S;Alto;N;1.0;0.0;0.0
143;Aceptado;;2021.0;S;S;Medio;N;1.0;0.0;0.0
143;Pendiente;;2021.0;S;N;Medio;N;0.5;0.6666666666666666;0.09523809523809523
143;Pendiente;;2021.0;S;S;Alto;N;0.5;0.0;0.023809523809523808
143;Aceptado;;2021.0;S;N;Alto;N;0.0;0.0;0.35714285714285715
143;Aceptado;;2021.0;N;N;Bajo;N;0.5;0.0;0.14285714285714285
143;Pendiente;;2021.0;S;S;Alto;N;0.5;0.3333333333333333;0.0
143;Pendiente;;2021.0;S;N;Alto;N;1.0;0.6666666666666666;0.11904761904761904
143;Aceptado;;2021.0;S;N;Alto;N;1.0;0.0;0.07142857142857142
143;Pendiente;;2021.0;S;S;Medio;N;0.5;0.0;0.023809523809523808
143;Pendiente;16/12/2021;2021.0;S;N;Medio;N;0.5;0.0;0.047619047619047616
143;Pendiente;;2021.0;N;N;Bajo;N;0.5;0.0;0.11904761904761904
143;Aceptado;;2021.0;S;S;Alto;N;0.0;0.3333333333333333;0.07142857142857142
143;Aceptado;;2021.0;S;S;Medio;N;1.0;0.6666666666666666;0.047619047619047616
143;Pendiente;;2021.0;S;N;Alto;N;1.0;0.0;0.14285714285714285
143;Pendiente;;2021.0;S;S;Medio;N;1.0;0.3333333333333333;0.023809523809523808
143;Aceptado;;2021.0;S;S;Alto;N;0.0;0.0;0.0
143;Pendiente;;2021.0;S;N;Medio;N;0.5;0.0;0.09523809523809523
143;Pendiente;;2021.0;S;S;Alto;N;0.5;0.0;0.42857142857142855
143;Pendiente;;2021.0;S;N;Alto;N;0.5;0.0;0.047619047619047616
143;Aceptado;;2021.0;N;N;Bajo;N;0.5;0.0;0.14285714285714285
143;Aceptado;;2021.0;S;S;Alto;N;0.5;0.0;0.047619047619047616
143;Aceptado;23/08/2021;2021.0;S;N;Medio;N;0.5;0.0;0.05
143;Pendiente;;2021.0;S;S;Alto;N;1.0;0.0;0.2619047619047619
143;Aceptado;;2021.0;S;S;Medio;N;0.0;0.0;0.0
143;Pendiente;;2021.0;S;N;Medio;N;1.0;0.0;0.047619047619047616
143;Aceptado;;2021.0;S;S;Alto;N;0.5;0.0;0.07142857142857142
143;Aceptado;;2021.0;S;N;Alto;N;0.0;0.0;0.023809523809523808
143;Aceptado;;2021.0;N;N;Bajo;N;0.5;0.0;0.38095238095238093
143;Aceptado;;2021.0;S;S;Alto;N;1.0;0.0;0.047619047619047616
143;Aceptado;;2021.0;S;N;Alto;N;1.0;1.0;0.0
143;Aceptado;;2021.0;S;N;Alto;N;0.5;0.6666666666666666;0.11904761904761904
143;Aceptado;;2021.0;S;S;Medio;N;0.5;0.0;0.047619047619047616
143;Aceptado;;2021.0;S;N;Medio;N;0.0;0.0;0.023809523809523808
143;Aceptado;20/08/2021;2021.0;N;N;Bajo;N;0.5;0.3333333333333333;0.0
143;Aceptado;;2021.0;S;S;Alto;N;0.5;0.0;0.0
143;Pendiente;;2021.0;S;S;Medio;N;1.0;0.3333333333333333;0.09523809523809523
143;Aceptado;19/08/2021;2021.0;S;N;Alto;N;1.0;0.0;0.023809523809523808
143;Aceptado;;2021.0;S;S;Medio;N;0.5;0.0;0.35714285714285715
143;Aceptado;;2021.0;S;S;Alto;N;0.5;0.0;0.14285714285714285
143;Aceptado;20/08/2021;2021.0;S;N;Medio;N;0.5;0.0;0.0
143;Pendiente;03/08/2021;2021.0;S;S;Alto;N;0.0;0.3333333333333333;0.11904761904761904
143;Aceptado;;2021.0;S;N;Alto;N;1.0;0.3333333333333333;0.07142857142857142
143;Aceptado;;2021.0;N;N;Bajo;N;1.0;0.0;0.023809523809523808
143;Pendiente;19/08/2021;2021.0;S;S;Alto;N;1.0;0.0;0.047619047619047616
143;Pendiente;;2021.0;S;N;Medio;N;0.0;0.0;0.11904761904761904
143;Aceptado;05/08/2021;2021.0;S;S;Alto;N;0.5;0.0;0.07142857142857142
143;Pendiente;;2021.0;S;S;Medio;N;0.5;0.0;0.047619047619047616
143;Pendiente;;2021.0;S;N;Medio;N;0.5;0.6666666666666666;0.14285714285714285
147;Aceptado;23/08/2021;2021.0;S;S;Alto;N;0.5;0.0;0.023809523809523808
147;Aceptado;;2021.0;S;N;Alto;N;0.5;0.0;0.0
147;Aceptado;;2021.0;N;N;Bajo;N;0.5;0.3333333333333333;0.09523809523809523
147;Pendiente;20/08/2021;2021.0;S;S;Alto;N;1.0;0.3333333333333333;0.42857142857142855
147;Pendiente;;2021.0;S;N;Alto;N;0.0;0.3333333333333333;0.047619047619047616
147;Pendiente;;2021.0;S;N;Alto;N;1.0;0.3333333333333333;0.14285714285714285
147;Pendiente;;2021.0;S;S;Medio;N;0.5;0.0;0.047619047619047616
147;Pendiente;;2021.0;S;N;Medio;N;0.0;0.6666666666666666;0.05
147;Aceptado;;2021.0;N;N;Bajo;N;0.5;0.0;0.2619047619047619
147;Pendiente;18/08/2021;2021.0;S;S;Alto;N;1.0;0.3333333333333333;0.0
147;Pendiente;;2021.0;S;S;Medio;N;1.0;0.3333333333333333;0.047619047619047616
147;Aceptado;;2021.0;S;N;Alto;N;0.5;0.6666666666666666;0.07142857142857142
147;Aceptado;;2021.0;S;S;Medio;N;0.5;0.0;0.023809523809523808
147;Pendiente;20/08/2021;2021.0;S;S;Alto;N;0.0;0.0;0.38095238095238093
147;Aceptado;;2021.0;S;N;Medio;N;0.5;0.3333333333333333;0.047619047619047616
147;Aceptado;;2021.0;S;S;Alto;N;0.5;0.0;0.0
147;Pendiente;18/08/2021;2021.0;S;N;Alto;N;1.0;0.0;0.11904761904761904
147;Pendiente;05/08/2021;2021.0;N;N;Bajo;N;1.0;0.0;0.047619047619047616
147;Pendiente;20/08/2021;2021.0;S;S;Alto;N;0.5;0.0;0.023809523809523808
147;Aceptado;;2021.0;S;N;Medio;N;0.5;0.0;0.0
147;Pendiente;;2021.0;S;S;Alto;N;0.5;0.0;0.0
147;Pendiente;;2021.0;S;S;Medio;N;0.0;0.3333333333333333;0.09523809523809523
147;Pendiente;20/08/2021;2021.0;S;N;Medio;N;1.0;0.0;0.023809523809523808
147;Pendiente;;2021.0;S;S;Alto;N;1.0;0.6666666666666666;0.35714285714285715
147;Pendiente;05/08/2021;2021.0;S;N;Alto;N;0.0;0.0;0.14285714285714285
147;Aceptado;23/08/2021;2021.0;N;N;Bajo;N;0.5;0.0;0.0
147;Aceptado;;2021.0;S;S;Alto;N;0.5;0.6666666666666666;0.11904761904761904
147;Aceptado;;2021.0;S;N;Alto;N;0.5;0.0;0.07142857142857142
147;Aceptado;20/08/2021;2021.0;S;N;Alto;N;0.5;0.0;0.023809523809523808
147;Aceptado;;2021.0;S;S;Medio;N;0.5;0.3333333333333333;0.047619047619047616
147;Pendiente;;2021.0;S;N;Medio;N;0.5;0.3333333333333333;0.11904761904761904
147;Aceptado;;2021.0;N;N;Bajo;N;1.0;0.0;0.07142857142857142
147;Aceptado;23/08/2021;2021.0;S;S;Alto;N;0.0;0.0;0.047619047619047616
147;Pendiente;;2021.0;S;S;Medio;N;1.0;0.0;0.14285714285714285
147;Pendiente;23/08/2021;2021.0;S;N;Alto;N;0.5;0.0;0.023809523809523808
147;Pendiente;;2021.0;S;S;Medio;N;0.0;0.3333333333333333;0.0
147;Pendiente;;2021.0;S;S;Alto;N;0.5;0.6666666666666666;0.09523809523809523
147;Pendiente;;2021.0;S;N;Medio;N;1.0;0.0;0.42857142857142855
147;Aceptado;;2021.0;S;S;Alto;N;1.0;0.0;0.047619047619047616
147;Pendiente;;2021.0;S;N;Alto;N;0.5;0.6666666666666666;0.14285714285714285
147;Aceptado;;2021.0;N;N;Bajo;N;0.5;0.0;0.047619047619047616
147;Aceptado;;2021.0;S;S;Alto;N;0.0;0.3333333333333333;0.05
147;Aceptado;;2021.0;S;N;Medio;N;0.5;0.6666666666666666;0.2619047619047619
147;Aceptado;;2021.0;S;S;Alto;N;0.5;0.0;0.0
147;Aceptado;;2021.0;S;S;Medio;N;1.0;0.6666666666666666;0.047619047619047616
147;Pendiente;;2021.0;S;N;Medio;N;1.0;0.0;0.07142857142857142
147;Pendiente;19/08/2021;2021.0;S;S;Alto;N;0.5;1.0;0.023809523809523808
147;Pendiente;05/08/2021;2021.0;S;N;Alto;N;0.5;0.3333333333333333;0.38095238095238093
147;Aceptado;;2021.0;N;N;Bajo;N;0.5;0.0;0.047619047619047616
147;Pendiente;19/08/2021;2021.0;S;S;Alto;N;0.0;0.3333333333333333;0.0
147;Pendiente;;2021.0;S;N;Alto;N;1.0;0.3333333333333333;0.11904761904761904
147;Aceptado;;2021.0;S;N;Alto;N;1.0;0.6666666666666666;0.047619047619047616
147;Pendiente;;2021.0;S;S;Medio;N;1.0;0.3333333333333333;0.023809523809523808
147;Aceptado;;2021.0;S;N;Medio;N;0.0;0.0;0.0
147;Pendiente;20/12/2021;2021.0;N;N;Bajo;N;0.5;0.0;0.0
147;Aceptado;;2021.0;S;S;Alto;N;0.5;0.0;0.09523809523809523
147;Aceptado;;2021.0;S;S;Medio;N;0.5;0.0;0.023809523809523808
147;Pendiente;;2021.0;S;N;Alto;N;0.5;0.0;0.35714285714285715
147;Aceptado;15/12/2021;2021.0;S;S;Medio;N;0.5;0.0;0.14285714285714285
147;Aceptado;;2021.0;S;S;Alto;N;0.5;0.0;0.0
147;Aceptado;;2021.0;S;N;Medio;N;1.0;0.3333333333333333;0.11904761904761904
147;Aceptado;;2021.0;S;S;Alto;N;0.0;0.0;0.07142857142857142
147;Pendiente;23/08/2021;2021.0;S;N;Alto;N;1.0;0.0;0.023809523809523808
147;Pendiente;;2021.0;N;N;Bajo;N;0.5;0.0;0.047619047619047616
147;Pendiente;;2021.0;S;S;Alto;N;0.0;0.6666666666666666;0.11904761904761904
147;Pendiente;19/08/2021;2021.0;S;N;Medio;N;0.5;0.6666666666666666;0.07142857142857142
147;Aceptado;;2021.0;S;S;Alto;N;1.0;0.0;0.047619047619047616
147;Pendiente;;2021.0;S;S;Medio;N;1.0;0.3333333333333333;0.14285714285714285
147;Aceptado;;2021.0;S;N;Medio;N;0.5;0.0;0.023809523809523808
147;Aceptado;;2021.0;S;S;Alto;N;0.5;0.3333333333333333;0.0
147;Pendiente;;2021.0;S;N;Alto;N;0.0;0.0;0.09523809523809523
147;Aceptado;;2021.0;S;S;Alto;N;0.5;0.0;0.42857142857142855
147;Pendiente;23/08/2021;2021.0;S;N;Medio;N;0.5;0.6666666666666666;0.047619047619047616
147;Aceptado;;2021.0;S;S;Alto;N;1.0;0.0;0.14285714285714285
147;Pendiente;;2021.0;S;N;Alto;N;1.0;0.0;0.047619047619047616
147;Aceptado;;2021.0;N;N;Bajo;N;0.5;0.6666666666666666;0.05
147;Aceptado;;2021.0;S;S;Alto;N;0.5;0.6666666666666666;0.2619047619047619
147;Aceptado;;2021.0;S;N;Medio;N;0.5;0.0;0.0
147;Pendiente;;2021.0;S;S;Alto;N;0.0;0.3333333333333333;0.047619047619047616
147;Aceptado;23/08/2021;2021.0;S;S;Medio;N;1.0;0.3333333333333333;0.07142857142857142
147;Aceptado;;2021.0;S;N;Medio;N;1.0;0.0;0.023809523809523808
147;Pendiente;;2021.0;S;S;Alto;N;1.0;0.6666666666666666;0.38095238095238093
147;Aceptado;27/02/2021;2021.0;S;N;Alto;N;0.0;0.0;0.047619047619047616
147;Aceptado;;2021.0;S;N;Medio;N;0.5;0.0;0.0
147;Aceptado;;2021.0;S;S;Alto;N;0.5;0.0;0.11904761904761904
147;Aceptado;;2021.0;N;N;Bajo;N;0.5;1.0;0.047619047619047616
147;Aceptado;;2021.0;S;N;Alto;N;0.5;0.3333333333333333;0.023809523809523808
147;Pendiente;;2021.0;S;S;Medio;N;0.5;0.3333333333333333;0.0
147;Aceptado;20/12/2021;2021.0;S;N;Alto;N;0.5;0.0;0.0
147;Pendiente;;2021.0;N;N;Alto;N;1.0;0.3333333333333333;0.09523809523809523
147;Pendiente;;2021.0;S;S;Alto;N;0.0;0.0;0.023809523809523808
147;Aceptado;;2021.0;N;N;Bajo;N;1.0;0.3333333333333333;0.35714285714285715
147;Pendiente;;2021.0;S;N;Medio;N;0.5;0.0;0.14285714285714285
147;Pendiente;;2021.0;S;N;Alto;N;0.0;0.6666666666666666;0.0
147;Pendiente;;2021.0;N;N;Bajo;N;0.5;0.3333333333333333;0.11904761904761904
147;Aceptado;;2021.0;S;N;Medio;N;1.0;0.0;0.07142857142857142
147;Pendiente;;2021.0;S;N;Alto;N;1.0;0.0;0.023809523809523808
147;Aceptado;;2021.0;S;N;Alto;N;0.5;0.0;0.047619047619047616
147;Aceptado;20/08/2021;2021.0;S;N;Medio;N;0.5;0.0;0.11904761904761904
147;Pendiente;;2021.0;S;S;Medio;N;0.0;0.0;0.07142857142857142
147;Pendiente;;2021.0;S;S;Medio;N;0.5;0.3333333333333333;0.047619047619047616
147;Pendiente;;2021.0;S;N;Alto;N;0.5;0.0;0.14285714285714285
147;Pendiente;23/08/2021;2021.0;S;N;Medio;N;1.0;0.0;0.023809523809523808
147;Pendiente;;2021.0;S;N;Alto;N;1.0;0.0;0.0
147;Aceptado;23/08/2021;2021.0;S;N;Alto;N;0.5;0.0;0.09523809523809523
147;Aceptado;;2021.0;N;N;Bajo;N;0.5;0.6666666666666666;0.42857142857142855
147;Aceptado;;2021.0;N;N;Bajo;N;0.5;0.0;0.047619047619047616
147;Aceptado;;2021.0;S;N;Alto;N;0.0;0.0;0.14285714285714285
147;Pendiente;23/08/2021;2021.0;S;S;Medio;N;1.0;0.6666666666666666;0.047619047619047616
147;Pendiente;;2021.0;S;N;Alto;N;0.5;0.0;0.05
147;Aceptado;;2021.0;N;N;Bajo;N;0.0;0.3333333333333333;0.2619047619047619
147;Pendiente;;2021.0;S;N;Alto;N;1.0;0.6666666666666666;0.0
147;Pendiente;20/08/2021;2021.0;S;S;Alto;N;0.0;0.6666666666666666;0.047619047619047616
147;Pendiente;;2021.0;S;S;Alto;N;1.0;0.0;0.07142857142857142
147;Aceptado;20/08/2021;2021.0;S;N;Medio;N;0.5;0.0;0.023809523809523808
147;Aceptado;;2021.0;S;S;Alto;N;0.5;0.0;0.38095238095238093
147;Aceptado;;2021.0;N;N;Bajo;N;0.5;0.6666666666666666;0.047619047619047616
147;Aceptado;20/08/2021;2021.0;S;N;Alto;N;0.5;0.3333333333333333;0.0
147;Aceptado;;2021.0;S;S;Medio;N;1.0;0.0;0.11904761904761904
147;Pendiente;05/08/2021;2021.0;S;N;Alto;N;1.0;0.0;0.047619047619047616
147;Pendiente;;2021.0;N;N;Alto;N;0.5;0.3333333333333333;0.023809523809523808
147;Aceptado;;2021.0;S;S;Alto;N;1.0;0.3333333333333333;0.0
147;Aceptado;;2021.0;N;N;Bajo;N;0.5;0.0;0.0
147;Pendiente;;2021.0;S;N;Medio;N;0.0;1.0;0.09523809523809523
147;Aceptado;;2021.0;S;N;Alto;N;1.0;0.0;0.023809523809523808
147;Aceptado;;2021.0;N;N;Bajo;N;0.5;0.0;0.35714285714285715
147;Aceptado;;2021.0;S;N;Medio;N;0.5;0.0;0.14285714285714285
147;Aceptado;;2021.0;S;N;Alto;N;0.5;0.3333333333333333;0.0
147;Aceptado;;2021.0;S;N;Alto;N;0.0;0.0;0.11904761904761904
147;Aceptado;23/08/2021;2021.0;S;N;Medio;N;0.0;0.0;0.07142857142857142
147;Pendiente;;2021.0;S;S;Medio;N;0.5;0.6666666666666666;0.023809523809523808
