id_estudiante;propuesta;estado_inscripcion;plan_estudios;version_plan;modalidad;fecha_ingreso;fecha_inscripcion;err_formato_matricula;regla_fechas_ingreso
CA-015876-9;130;Pendiente;2007;14;Presencial;01/04/2020;04/12/2019;True;ok
CB-015876-0;134;Pendiente;2007;14;Presencial;01/04/2020;04/12/2019;True;ok
CA-016187-5;130;Pendiente;2007;14;Presencial;01/04/2020;09/12/2019;True;ok
CA-016558-7;130;Pendiente;2007;14;Presencial;01/04/2020;10/02/2020;True;ok
CA-016079-8;130;Pendiente;2007;14;Presencial;01/04/2020;17/12/2019;True;ok
CB-016079-9;134;Pendiente;2007;14;Presencial;01/04/2020;17/12/2019;True;ok
CC-016079-8;143;Pendiente;2007;14;Presencial;01/04/2020;17/12/2019;True;ok
CA-016164-6;130;Pendiente;2007;14;Presencial;01/04/2020;02/12/2019;True;ok
CA-016551-0;130;Aceptado;2007;14;Presencial;01/04/2020;10/02/2020;True;ok
CA-016538-2;130;Aceptado;2007;14;Presencial;01/04/2020;05/02/2020;True;ok
CD-016538-6;135;Aceptado;2007;14;Presencial;01/04/2020;05/02/2020;True;ok
CA-016224-3;130;Pendiente;2007;14;Presencial;01/04/2020;16/12/2019;True;ok
CA-016150-6;130;Aceptado;2007;14;Presencial;01/04/2020;21/11/2019;True;ok
CA-007425-5;130;Aceptado;2007;14;Presencial;01/04/2020;26/02/2020;True;ok
CA-016566-8;130;Aceptado;2007;14;Presencial;01/04/2020;12/02/2020;True;ok
CA-016226-0;130;Pendiente;2007;14;Presencial;01/04/2020;16/12/2019;True;ok
CA-016529-3;130;Pendiente;2007;14;Presencial;01/04/2020;04/02/2020;True;ok
CA-016549-8;130;Pendiente;2007;14;Presencial;01/04/2020;10/02/2020;True;ok
CA-016159-0;130;Pendiente;2007;14;Presencial;01/04/2020;28/11/2019;True;ok
CA-016156-5;130;Aceptado;2007;14;Presencial;01/04/2020;25/11/2019;True;ok
CA-016535-8;130;Aceptado;2007;14;Presencial;01/04/2020;04/02/2020;True;ok
CA-016236-7;130;Pendiente;2007;14;Presencial;01/04/2020;17/12/2019;True;ok
CA-016175-1;130;Pendiente;2007;14;Presencial;01/04/2020;04/12/2019;True;ok
CA-007459-0;130;Aceptado;2007;14;Presencial;01/04/2020;26/02/2020;True;ok
CA-013037-6;130;Aceptado;2007;14;Presencial;01/04/2020;21/11/2019;True;ok
CA-016201-4;130;Aceptado;2007;14;Presencial;01/04/2020;11/12/2019;True;ok
CA-016173-5;130;Pendiente;2007;14;Presencial;01/04/2020;04/12/2019;True;ok
CA-016791-1;130;Aceptado;2007;14;Presencial;01/04/2020;11/08/2020;True;err
CA-016522-6;130;Pendiente;2007;14;Presencial;01/04/2020;04/02/2020;True;ok
CA-016540-4;130;Pendiente;2007;14;Presencial;01/04/2020;05/02/2020;True;ok
CA-016574-9;130;Aceptado;2007;14;Presencial;01/04/2020;14/02/2020;True;ok
CA-010330-1;130;Aceptado;2007;14;Presencial;01/04/2020;21/11/2019;True;ok
CC-010330-1;143;Aceptado;2007;14;Presencial;01/04/2020;21/11/2019;True;ok
CA-016155-7;130;Aceptado;2007;14;Presencial;01/04/2020;22/11/2019;True;ok
CA-016795-4;130;Aceptado;2007;14;Presencial;01/04/2020;24/08/2020;True;err
CA-016213-8;130;Aceptado;2007;14;Presencial;01/04/2020;13/12/2019;True;ok
CA-016210-3;130;Aceptado;2007;14;Presencial;01/04/2020;12/12/2019;True;ok
CA-016162-0;130;Pendiente;2007;14;Presencial;01/04/2020;29/11/2019;True;ok
CA-016577-3;130;Pendiente;2007;14;Presencial;01/04/2020;14/02/2020;True;ok
CA-016545-5;130;Aceptado;2007;14;Presencial;01/04/2020;06/02/2020;True;ok
CA-003269-2;130;Aceptado;2007;14;Presencial;01/04/2020;22/11/2019;True;ok
CA-016220-1;130;Pendiente;2007;14;Presencial;01/04/2020;13/12/2019;True;ok
CA-016160-3;130;Pendiente;2007;14;Presencial;01/04/2020;28/11/2019;True;ok
CA-016225-1;130;Pendiente;2007;14;Presencial;01/04/2020;16/12/2019;True;ok
CA-010656-4;130;Aceptado;2007;14;Presencial;01/04/2020;15/11/2019;True;ok
CA-016537-4;130;Pendiente;2007;14;Presencial;01/04/2020;05/02/2020;True;ok
CA-016546-3;130;Pendiente;2007;14;Presencial;01/04/2020;06/02/2020;True;ok
CA-015902-1;130;Pendiente;2007;14;Presencial;01/04/2020;06/12/2019;True;ok
CB-015902-2;134;Pendiente;2007;14;Presencial;01/04/2020;06/12/2019;True;ok
CA-016553-6;130;Pendiente;2007;14;Presencial;01/04/2020;10/02/2020;True;ok
CA-015912-9;130;Aceptado;2007;14;Presencial;01/04/2020;06/12/2019;True;ok
CB-015912-0;134;Aceptado;2007;14;Presencial;01/04/2020;06/12/2019;True;ok
CA-015047-4;130;Aceptado;2007;14;Presencial;01/04/2020;12/02/2020;True;ok
CA-016170-1;130;Aceptado;2007;14;Presencial;01/04/2020;03/12/2019;True;ok
CA-016539-1;130;Pendiente;2007;14;Presencial;01/04/2020;05/02/2020;True;ok
CA-016196-4;130;Aceptado;2007;14;Presencial;01/04/2020;10/12/2019;True;ok
CA-016547-1;130;Pendiente;2007;14;Presencial;01/04/2020;06/02/2020;True;ok
CA-008316-5;130;Aceptado;2007;14;Presencial;01/04/2020;14/11/2019;True;ok
CA-016199-9;130;Pendiente;2007;14;Presencial;01/04/2020;11/12/2019;True;ok
CA-015852-1;130;Pendiente;2007;14;Presencial;01/04/2020;03/12/2019;True;ok
CB-015852-2;134;Pendiente;2007;14;Presencial;01/04/2020;03/12/2019;True;ok
CA-016176-0;130;Pendiente;2007;14;Presencial;01/04/2020;04/12/2019;True;ok
CA-016207-3;130;Aceptado;2007;14;Presencial;01/04/2020;12/12/2019;True;ok
CA-016576-5;130;Aceptado;2007;14;Presencial;01/04/2020;14/02/2020;True;ok
CA-016203-1;130;Pendiente;2007;14;Presencial;01/04/2020;11/12/2019;True;ok
CA-016568-4;130;Aceptado;2007;14;Presencial;01/04/2020;13/02/2020;True;ok
CA-016244-8;130;Pendiente;2007;14;Presencial;01/04/2020;18/12/2019;True;ok
CA-016217-1;130;Pendiente;2007;14;Presencial;01/04/2020;13/12/2019;True;ok
CA-016179-4;130;Pendiente;2007;14;Presencial;01/04/2020;05/12/2019;True;ok
CA-009394-2;130;Aceptado;2007;14;Presencial;01/04/2020;26/02/2020;True;ok
CA-016246-4;130;Pendiente;2007;14;Presencial;01/04/2020;18/12/2019;True;ok
CA-004968-4;130;Aceptado;2007;14;Presencial;01/04/2020;14/02/2020;True;ok
CA-016804-7;130;Pendiente;2007;14;Presencial;01/04/2020;16/09/2020;True;err
CA-017498-5;130;Aceptado;2007;14;Presencial;01/04/2020;19/05/2020;True;err
CA-016144-1;130;Aceptado;2007;14;Presencial;01/04/2020;19/11/2019;True;ok
CA-016536-6;130;Aceptado;2007;14;Presencial;01/04/2020;04/02/2020;True;ok
CA-015899-8;130;Aceptado;2007;14;Presencial;01/04/2020;05/12/2019;True;ok
CB-015899-9;134;Aceptado;2007;14;Presencial;01/04/2020;05/12/2019;True;ok
CA-016205-7;130;Pendiente;2007;14;Presencial;01/04/2020;11/12/2019;True;ok
CA-016561-7;130;Aceptado;2007;14;Presencial;01/04/2020;11/02/2020;True;ok
CA-016222-7;130;Pendiente;2007;14;Presencial;01/04/2020;13/12/2019;True;ok
CA-016227-8;130;Aceptado;2007;14;Presencial;01/04/2020;16/12/2019;True;ok
CA-016567-6;130;Aceptado;2007;14;Presencial;01/04/2020;13/02/2020;True;ok
CA-016562-5;130;Aceptado;2007;14;Presencial;01/04/2020;11/02/2020;True;ok
CA-016186-7;130;Pendiente;2007;14;Presencial;01/04/2020;09/12/2019;True;ok
CC-016186-7;143;Pendiente;2007;14;Presencial;01/04/2020;09/12/2019;True;ok
CA-016571-4;130;Pendiente;2007;14;Presencial;01/04/2020;14/02/2020;True;ok
CA-016185-9;130;Aceptado;2007;14;Presencial;01/04/2020;06/12/2019;True;ok
CA-016158-1;130;Pendiente;2007;14;Presencial;01/04/2020;27/11/2019;True;ok
CA-016218-9;130;Pendiente;2007;14;Presencial;01/04/2020;13/12/2019;True;ok
CA-016533-1;130;Aceptado;2007;14;Presencial;01/04/2020;04/02/2020;True;ok
CA-016248-1;130;Pendiente;2007;14;Presencial;01/04/2020;18/12/2019;True;ok
CA-016188-3;130;Pendiente;2007;14;Presencial;01/04/2020;09/12/2019;True;ok
CA-016569-2;130;Aceptado;2007;14;Presencial;01/04/2020;13/02/2020;True;ok
CA-008718-7;130;Aceptado;2007;14;Presencial;01/04/2020;14/02/2020;True;ok
CA-016198-1;130;Pendiente;2007;14;Presencial;01/04/2020;11/12/2019;True;ok
CA-011515-6;130;Aceptado;2007;14;Presencial;01/04/2020;15/11/2019;True;ok
CA-016174-3;130;Pendiente;2007;14;Presencial;01/04/2020;04/12/2019;True;ok
CA-016161-1;130;Pendiente;2007;14;Presencial;01/04/2020;29/11/2019;True;ok
CA-009376-4;130;Aceptado;2007;14;Presencial;01/04/2020;13/02/2020;True;ok
CA-015853-0;130;Pendiente;2007;14;Presencial;01/04/2020;03/12/2019;True;ok
CB-015853-1;134;Pendiente;2007;14;Presencial;01/04/2020;03/12/2019;True;ok
CA-016200-6;130;Aceptado;2007;14;Presencial;01/04/2020;11/12/2019;True;ok
CA-016575-7;130;Pendiente;2007;14;Presencial;01/04/2020;14/02/2020;True;ok
CA-016241-3;130;Aceptado;2007;14;Presencial;01/04/2020;17/12/2019;True;ok
CA-015910-2;130;Pendiente;2007;14;Presencial;01/04/2020;06/12/2019;True;ok
CB-015910-3;134;Pendiente;2007;14;Presencial;01/04/2020;06/12/2019;True;ok
CA-016230-8;130;Pendiente;2007;14;Presencial;01/04/2020;16/12/2019;True;ok
CA-016215-4;130;Pendiente;2007;14;Presencial;01/04/2020;13/12/2019;True;ok
CA-114231-9;130;Aceptado;2007;14;Presencial;01/04/2020;14/02/2020;True;ok
CA-016564-1;130;Aceptado;2007;14;Presencial;01/04/2020;11/02/2020;True;ok
CA-016231-6;130;Aceptado;2007;14;Presencial;01/04/2020;16/12/2019;True;ok
CA-016240-5;130;Pendiente;2007;14;Presencial;01/04/2020;17/12/2019;True;ok
CA-016181-6;130;Aceptado;2007;14;Presencial;01/04/2020;05/12/2019;True;ok
CA-016776-8;130;Pendiente;2007;14;Presencial;01/04/2020;12/03/2020;True;ok
CA-016243-0;130;Aceptado;2007;14;Presencial;01/04/2020;18/12/2019;True;ok
CA-016247-2;130;Aceptado;2007;14;Presencial;01/04/2020;18/12/2019;True;ok
CA-016148-4;130;Aceptado;2007;14;Presencial;01/04/2020;20/11/2019;True;ok
CA-016154-9;130;Aceptado;2007;14;Presencial;01/04/2020;22/11/2019;True;ok
CD-016154-2;135;Aceptado;2007;14;Presencial;01/04/2020;22/11/2019;True;ok
CA-016559-5;130;Pendiente;2007;14;Presencial;01/04/2020;10/02/2020;True;ok
CC-016559-5;143;Pendiente;2007;14;Presencial;01/04/2020;10/02/2020;True;ok
CA-016531-5;130;Aceptado;2007;14;Presencial;01/04/2020;04/02/2020;True;ok
CA-016143-3;130;Aceptado;2007;14;Presencial;01/04/2020;19/11/2019;True;ok
CA-016202-2;130;Pendiente;2007;14;Presencial;01/04/2020;11/12/2019;True;ok
CE-016202-3;147;Pendiente;2007;14;Presencial;01/04/2020;11/12/2019;True;ok
CA-016237-5;130;Aceptado;2007;14;Presencial;01/04/2020;17/12/2019;True;ok
CA-009540-6;130;Aceptado;2007;14;Presencial;01/04/2020;26/02/2020;True;ok
CA-016206-5;130;Aceptado;2007;14;Presencial;01/04/2020;12/12/2019;True;ok
CA-007408-5;130;Aceptado;2007;14;Presencial;01/04/2020;27/02/2020;True;ok
CA-015081-4;130;Pendiente;2007;14;Presencial;01/04/2020;12/02/2020;True;ok
CA-016182-4;130;Pendiente;2007;14;Presencial;01/04/2020;06/12/2019;True;ok
CA-016193-0;130;Pendiente;2007;14;Presencial;01/04/2020;10/12/2019;True;ok
CA-016245-6;130;Pendiente;2007;14;Presencial;01/04/2020;18/12/2019;True;ok
CA-016494-7;130;Pendiente;2007;14;Presencial;01/04/2020;10/02/2020;True;ok
CB-016494-8;134;Pendiente;2007;14;Presencial;01/04/2020;10/02/2020;True;ok
CA-016195-6;130;Pendiente;2007;14;Presencial;01/04/2020;10/12/2019;True;ok
CA-016555-2;130;Aceptado;2007;14;Presencial;01/04/2020;10/02/2020;True;ok
CA-016572-2;130;Pendiente;2007;14;Presencial;01/04/2020;14/02/2020;True;ok
CA-016163-8;130;Pendiente;2007;14;Presencial;01/04/2020;29/11/2019;True;ok
CA-016526-9;130;Aceptado;2007;14;Presencial;01/04/2020;04/02/2020;True;ok
CA-016189-1;130;Aceptado;2007;14;Presencial;01/04/2020;10/12/2019;True;ok
CA-016527-7;130;Aceptado;2007;14;Presencial;01/04/2020;04/02/2020;True;ok
CA-016184-1;130;Pendiente;2007;14;Presencial;01/04/2020;06/12/2019;True;ok
CA-016530-7;130;Aceptado;2007;14;Presencial;01/04/2020;04/02/2020;True;ok
CA-016543-9;130;Pendiente;2007;14;Presencial;01/04/2020;05/02/2020;True;ok
CA-016541-2;130;Aceptado;2007;14;Presencial;01/04/2020;05/02/2020;True;ok
CA-005300-2;130;Aceptado;2007;14;Presencial;01/04/2020;26/02/2020;True;ok
CA-016214-6;130;Pendiente;2007;14;Presencial;01/04/2020;13/12/2019;True;ok
CA-016149-2;130;Aceptado;2007;14;Presencial;01/04/2020;20/11/2019;True;ok
CA-016523-4;130;Pendiente;2007;14;Presencial;01/04/2020;04/02/2020;True;ok
CA-007545-6;130;Aceptado;2007;14;Presencial;01/04/2020;26/02/2020;True;ok
CD-007545-0;135;Aceptado;2007;14;Presencial;01/04/2020;26/02/2020;True;ok
CA-016242-1;130;Aceptado;2007;14;Presencial;01/04/2020;18/12/2019;True;ok
CA-011910-1;130;Aceptado;2007;14;Presencial;01/04/2020;21/11/2019;True;ok
CA-008422-6;130;Aceptado;2007;14;Presencial;01/04/2020;07/11/2019;True;ok
CA-016211-1;130;Aceptado;2007;14;Presencial;01/04/2020;13/12/2019;True;ok
CA-016152-2;130;Aceptado;2007;14;Presencial;01/04/2020;21/11/2019;True;ok
CA-016151-4;130;Aceptado;2007;14;Presencial;01/04/2020;21/11/2019;True;ok
CA-016550-1;130;Aceptado;2007;14;Presencial;01/04/2020;10/02/2020;True;ok
CA-016233-2;130;Pendiente;2007;14;Presencial;01/04/2020;16/12/2019;True;ok
CC-016233-2;143;Pendiente;2007;14;Presencial;01/04/2020;16/12/2019;True;ok
CA-016235-9;130;Pendiente;2007;14;Presencial;01/04/2020;17/12/2019;True;ok
CA-016209-0;130;Pendiente;2007;14;Presencial;01/04/2020;12/12/2019;True;ok
CA-016180-8;130;Aceptado;2007;14;Presencial;01/04/2020;05/12/2019;True;ok
CA-011457-5;130;Aceptado;2007;14;Presencial;01/04/2020;11/11/2019;True;ok
CA-016528-5;130;Aceptado;2007;14;Presencial;01/04/2020;04/02/2020;True;ok
CA-016168-9;130;Pendiente;2007;14;Presencial;01/04/2020;03/12/2019;True;ok
CA-016239-1;130;Aceptado;2007;14;Presencial;01/04/2020;17/12/2019;True;ok
CA-016563-3;130;Aceptado;2007;14;Presencial;01/04/2020;11/02/2020;True;ok
CA-016145-0;130;Aceptado;2007;14;Presencial;01/04/2020;19/11/2019;True;ok
CA-016219-7;130;Pendiente;2007;14;Presencial;01/04/2020;13/12/2019;True;ok
CA-016194-8;130;Aceptado;2007;14;Presencial;01/04/2020;10/12/2019;True;ok
CE-016194-9;147;Aceptado;2007;14;Presencial;01/04/2020;10/12/2019;True;ok
CA-000281-5;130;Aceptado;2007;14;Presencial;01/04/2020;13/02/2020;True;ok
CA-016249-9;130;Pendiente;2007;14;Presencial;01/04/2020;18/12/2019;True;ok
CA-016167-1;130;Pendiente;2007;14;Presencial;01/04/2020;02/12/2019;True;ok
CA-016238-3;130;Pendiente;2007;14;Presencial;01/04/2020;17/12/2019;True;ok
CA-016191-3;130;Pendiente;2007;14;Presencial;01/04/2020;10/12/2019;True;ok
CA-016532-3;130;Pendiente;2007;14;Presencial;01/04/2020;04/02/2020;True;ok
CA-016166-2;130;Aceptado;2007;14;Presencial;01/04/2020;02/12/2019;True;ok
CA-015854-8;130;Pendiente;2007;14;Presencial;01/04/2020;03/12/2019;True;ok
CB-015854-9;134;Pendiente;2007;14;Presencial;01/04/2020;03/12/2019;True;ok
CA-017497-7;130;Aceptado;2007;14;Presencial;01/04/2020;19/05/2020;True;err
CA-016565-0;130;Pendiente;2007;14;Presencial;01/04/2020;11/02/2020;True;ok
CA-016178-6;130;Aceptado;2007;14;Presencial;01/04/2020;04/12/2019;True;ok
CA-016534-0;130;Aceptado;2007;14;Presencial;01/04/2020;04/02/2020;True;ok
CA-016228-6;130;Pendiente;2007;14;Presencial;01/04/2020;16/12/2019;True;ok
CA-016165-4;130;Pendiente;2007;14;Presencial;01/04/2020;02/12/2019;True;ok
CA-016524-2;130;Aceptado;2007;14;Presencial;01/04/2020;04/02/2020;True;ok
CA-016560-9;130;Aceptado;2007;14;Presencial;01/04/2020;11/02/2020;True;ok
CA-016153-1;130;Aceptado;2007;14;Presencial;01/04/2020;21/11/2019;True;ok
CA-016221-9;130;Aceptado;2007;14;Presencial;01/04/2020;13/12/2019;True;ok
CA-016542-1;130;Aceptado;2007;14;Presencial;01/04/2020;05/02/2020;True;ok
CA-016192-1;130;Pendiente;2007;14;Presencial;01/04/2020;10/12/2019;True;ok
CA-016197-2;130;Pendiente;2007;14;Presencial;01/04/2020;11/12/2019;True;ok
CA-016171-9;130;Pendiente;2007;14;Presencial;01/04/2020;04/12/2019;True;ok
CA-006454-3;130;Aceptado;2007;14;Presencial;01/04/2020;27/02/2020;True;ok
CC-006454-3;143;Aceptado;2007;14;Presencial;01/04/2020;27/02/2020;True;ok
CA-016552-8;130;Aceptado;2007;14;Presencial;01/04/2020;10/02/2020;True;ok
CA-016797-1;130;Pendiente;2007;14;Presencial;01/04/2020;02/09/2020;True;err
CA-016216-2;130;Pendiente;2007;14;Presencial;01/04/2020;13/12/2019;True;ok
CA-016525-1;130;Pendiente;2007;14;Presencial;01/04/2020;04/02/2020;True;ok
CA-016147-6;130;Aceptado;2007;14;Presencial;01/04/2020;19/11/2019;True;ok
CA-016573-1;130;Aceptado;2007;14;Presencial;01/04/2020;14/02/2020;True;ok
CA-010529-1;130;Aceptado;2007;14;Presencial;01/04/2020;07/11/2019;True;ok
CD-010529-4;135;Aceptado;2007;14;Presencial;01/04/2020;07/11/2019;True;ok
CA-016556-1;130;Aceptado;2007;14;Presencial;01/04/2020;10/02/2020;True;ok
CA-016204-9;130;Pendiente;2007;14;Presencial;01/04/2020;11/12/2019;True;ok
CA-015074-1;130;Pendiente;2007;14;Presencial;01/04/2020;11/02/2020;True;ok
CA-016146-8;130;Aceptado;2007;14;Presencial;01/04/2020;19/11/2019;True;ok
CA-016554-4;130;Aceptado;2007;14;Presencial;01/04/2020;10/02/2020;True;ok
CA-016212-0;130;Pendiente;2007;14;Presencial;01/04/2020;13/12/2019;True;ok
CA-016792-0;130;Pendiente;2007;14;Presencial;01/04/2020;12/08/2020;True;err
CA-016234-1;130;Pendiente;2007;14;Presencial;01/04/2020;17/12/2019;True;ok
CA-016229-4;130;Aceptado;2007;14;Presencial;01/04/2020;16/12/2019;True;ok
CD-016229-8;135;Aceptado;2007;14;Presencial;01/04/2020;16/12/2019;True;ok
CA-016208-1;130;Aceptado;2007;14;Presencial;01/04/2020;12/12/2019;True;ok
CA-012191-1;130;Aceptado;2007;14;Presencial;01/04/2020;11/11/2019;True;ok
CA-015911-1;130;Pendiente;2007;14;Presencial;01/04/2020;06/12/2019;True;ok
CB-015911-1;134;Pendiente;2007;14;Presencial;01/04/2020;06/12/2019;True;ok
CA-016177-8;130;Pendiente;2007;14;Presencial;01/04/2020;04/12/2019;True;ok
CA-016570-6;130;Aceptado;2007;14;Presencial;01/04/2020;13/02/2020;True;ok
CA-016557-9;130;Aceptado;2007;14;Presencial;01/04/2020;10/02/2020;True;ok
CA-016172-7;130;Pendiente;2007;14;Presencial;01/04/2020;04/12/2019;True;ok
CA-016548-0;130;Pendiente;2007;14;Presencial;01/04/2020;06/02/2020;True;ok
CA-016183-2;130;Pendiente;2007;14;Presencial;01/04/2020;06/12/2019;True;ok
CA-016544-7;130;Aceptado;2007;14;Presencial;01/04/2020;06/02/2020;True;ok
CA-016765-2;130;Aceptado;2007;14;Presencial;01/04/2020;03/03/2020;True;ok
CA-008588-5;130;Aceptado;2007;14;Presencial;01/04/2020;26/02/2020;True;ok
CA-017499-3;130;Aceptado;2007;14;Presencial;01/04/2020;19/05/2020;True;err
CA-014020-7;130;Aceptado;2007;14;Presencial;01/04/2020;04/11/2019;True;ok
CA-016232-4;130;Pendiente;2007;14;Presencial;01/04/2020;16/12/2019;True;ok
CA-017509-4;130;Pendiente;2007;14;Presencial;01/04/2020;19/05/2020;True;err
CB-017509-5;134;Pendiente;2007;14;Presencial;01/04/2020;19/05/2020;True;err
CA-016190-5;130;Aceptado;2007;14;Presencial;01/04/2020;10/12/2019;True;ok
CA-016169-7;130;Pendiente;2007;14;Presencial;01/04/2020;03/12/2019;True;ok
CA-006018-1;130;Aceptado;2007;14;Presencial;01/04/2020;22/11/2019;True;ok
CA-006491-8;130;Aceptado;2007;14;Presencial;01/04/2020;20/11/2019;True;ok
CA-016157-3;130;Aceptado;2007;14;Presencial;01/04/2020;25/11/2019;True;ok
CA-008313-1;130;Aceptado;2007;14;Presencial;01/04/2020;26/02/2020;True;ok
CA-016223-5;130;Pendiente;2007;14;Presencial;01/04/2020;16/12/2019;True;ok
CB-015914-6;134;Aceptado;2007;14;Presencial;01/04/2020;06/12/2019;True;ok
CB-015898-1;134;Pendiente;2007;14;Presencial;01/04/2020;05/12/2019;True;ok
CB-015788-7;134;Pendiente;2007;14;Presencial;01/04/2020;19/11/2019;True;ok
CB-015884-1;134;Pendiente;2007;14;Presencial;01/04/2020;05/12/2019;True;ok
CB-015930-8;134;Pendiente;2007;14;Presencial;01/04/2020;09/12/2019;True;ok
CB-015952-9;134;Pendiente;2007;14;Presencial;01/04/2020;10/12/2019;True;ok
CC-015952-8;143;Pendiente;2007;14;Presencial;01/04/2020;10/12/2019;True;ok
CB-016040-3;134;Pendiente;2007;14;Presencial;01/04/2020;13/12/2019;True;ok
CB-016424-7;134;Pendiente;2007;14;Presencial;01/04/2020;05/02/2020;True;ok
CB-016073-0;134;Pendiente;2007;14;Presencial;01/04/2020;17/12/2019;True;ok
CB-016411-5;134;Aceptado;2007;14;Presencial;01/04/2020;04/02/2020;True;ok
CB-015958-8;134;Pendiente;2007;14;Presencial;01/04/2020;10/12/2019;True;ok
CB-015943-0;134;Pendiente;2007;14;Presencial;01/04/2020;10/12/2019;True;ok
CB-015921-9;134;Pendiente;2007;14;Presencial;01/04/2020;09/12/2019;True;ok
CB-015032-7;134;Aceptado;2007;14;Presencial;01/04/2020;12/02/2020;True;ok
CB-016009-8;134;Aceptado;2007;14;Presencial;01/04/2020;12/12/2019;True;ok
CB-016125-6;134;Pendiente;2007;14;Presencial;01/04/2020;18/12/2019;True;ok
CB-015806-9;134;Aceptado;2007;14;Presencial;01/04/2020;25/11/2019;True;ok
CB-016445-0;134;Aceptado;2007;14;Presencial;01/04/2020;10/02/2020;True;ok
CB-015988-0;134;Pendiente;2007;14;Presencial;01/04/2020;11/12/2019;True;ok
CB-016800-5;134;Aceptado;2007;14;Presencial;01/04/2020;07/09/2020;True;err
CB-016417-4;134;Pendiente;2007;14;Presencial;01/04/2020;04/02/2020;True;ok
CB-016083-7;134;Pendiente;2007;14;Presencial;01/04/2020;17/12/2019;True;ok
CB-016055-1;134;Pendiente;2007;14;Presencial;01/04/2020;16/12/2019;True;ok
CB-015813-1;134;Pendiente;2007;14;Presencial;01/04/2020;26/11/2019;True;ok
CB-016038-1;134;Pendiente;2007;14;Presencial;01/04/2020;13/12/2019;True;ok
CB-015798-4;134;Aceptado;2007;14;Presencial;01/04/2020;21/11/2019;True;ok
CB-016495-6;134;Pendiente;2007;14;Presencial;01/04/2020;10/02/2020;True;ok
CB-015954-5;134;Pendiente;2007;14;Presencial;01/04/2020;10/12/2019;True;ok
CB-016016-1;134;Pendiente;2007;14;Presencial;01/04/2020;12/12/2019;True;ok
CB-016779-3;134;Aceptado;2007;14;Presencial;01/04/2020;10/03/2020;True;ok
CB-015978-2;134;Pendiente;2007;14;Presencial;01/04/2020;11/12/2019;True;ok
CB-016033-1;134;Pendiente;2007;14;Presencial;01/04/2020;13/12/2019;True;ok
CB-016511-1;134;Aceptado;2007;14;Presencial;01/04/2020;12/02/2020;True;ok
CB-017500-1;134;Aceptado;2007;14;Presencial;01/04/2020;19/05/2020;True;err
CB-015897-2;134;Pendiente;2007;14;Presencial;01/04/2020;05/12/2019;True;ok
CB-015828-0;134;Pendiente;2007;14;Presencial;01/04/2020;28/11/2019;True;ok
CB-016454-9;134;Aceptado;2007;14;Presencial;01/04/2020;14/02/2020;True;ok
CB-015789-5;134;Aceptado;2007;14;Presencial;01/04/2020;19/11/2019;True;ok
CB-016121-3;134;Pendiente;2007;14;Presencial;01/04/2020;18/12/2019;True;ok
CB-016019-5;134;Pendiente;2007;14;Presencial;01/04/2020;12/12/2019;True;ok
CB-015815-8;134;Aceptado;2007;14;Presencial;01/04/2020;27/11/2019;True;ok
CB-015938-3;134;Pendiente;2007;14;Presencial;01/04/2020;09/12/2019;True;ok
CB-015887-5;134;Pendiente;2007;14;Presencial;01/04/2020;05/12/2019;True;ok
CB-016041-1;134;Aceptado;2007;14;Presencial;01/04/2020;13/12/2019;True;ok
CB-015841-7;134;Pendiente;2007;14;Presencial;01/04/2020;03/12/2019;True;ok
CB-015856-5;134;Aceptado;2007;14;Presencial;01/04/2020;03/12/2019;True;ok
CB-016017-9;134;Pendiente;2007;14;Presencial;01/04/2020;12/12/2019;True;ok
CB-015870-1;134;Aceptado;2007;14;Presencial;01/04/2020;04/12/2019;True;ok
CB-016453-1;134;Aceptado;2007;14;Presencial;01/04/2020;13/02/2020;True;ok
CB-016058-6;134;Pendiente;2007;14;Presencial;01/04/2020;16/12/2019;True;ok
CB-016790-4;134;Pendiente;2007;14;Presencial;01/04/2020;12/08/2020;True;err
CB-016497-2;134;Aceptado;2007;14;Presencial;01/04/2020;11/02/2020;True;ok
CB-015934-1;134;Aceptado;2007;14;Presencial;01/04/2020;09/12/2019;True;ok
CB-016510-3;134;Pendiente;2007;14;Presencial;01/04/2020;12/02/2020;True;ok
CB-016460-3;134;Aceptado;2007;14;Presencial;01/04/2020;14/02/2020;True;ok
CB-015994-4;134;Pendiente;2007;14;Presencial;01/04/2020;12/12/2019;True;ok
CB-015834-4;134;Pendiente;2007;14;Presencial;01/04/2020;02/12/2019;True;ok
CB-015973-1;134;Pendiente;2007;14;Presencial;01/04/2020;11/12/2019;True;ok
CB-015819-1;134;Pendiente;2007;14;Presencial;01/04/2020;27/11/2019;True;ok
CB-016786-6;134;Aceptado;2007;14;Presencial;01/04/2020;08/07/2020;True;err
CB-016747-5;134;Pendiente;2007;14;Presencial;01/04/2020;17/02/2020;True;ok
CB-015319-9;134;Aceptado;2007;14;Presencial;01/04/2020;12/02/2020;True;ok
CB-015987-1;134;Pendiente;2007;14;Presencial;01/04/2020;11/12/2019;True;ok
CB-015927-8;134;Pendiente;2007;14;Presencial;01/04/2020;09/12/2019;True;ok
CB-016491-3;134;Pendiente;2007;14;Presencial;01/04/2020;06/02/2020;True;ok
CB-016047-1;134;Aceptado;2007;14;Presencial;01/04/2020;16/12/2019;True;ok
CB-015989-8;134;Pendiente;2007;14;Presencial;01/04/2020;11/12/2019;True;ok
CB-016042-0;134;Pendiente;2007;14;Presencial;01/04/2020;13/12/2019;True;ok
CB-016066-7;134;Pendiente;2007;14;Presencial;01/04/2020;17/12/2019;True;ok
CB-015896-4;134;Pendiente;2007;14;Presencial;01/04/2020;05/12/2019;True;ok
CB-015872-7;134;Pendiente;2007;14;Presencial;01/04/2020;04/12/2019;True;ok
CB-016503-1;134;Aceptado;2007;14;Presencial;01/04/2020;12/02/2020;True;ok
CB-016111-6;134;Pendiente;2007;14;Presencial;01/04/2020;18/12/2019;True;ok
CB-016447-6;134;Pendiente;2007;14;Presencial;01/04/2020;10/02/2020;True;ok
CB-016080-2;134;Pendiente;2007;14;Presencial;01/04/2020;17/12/2019;True;ok
CB-016134-5;134;Aceptado;2007;14;Presencial;01/04/2020;18/12/2019;True;ok
CB-015941-3;134;Pendiente;2007;14;Presencial;01/04/2020;09/12/2019;True;ok
CB-016091-8;134;Pendiente;2007;14;Presencial;01/04/2020;17/12/2019;True;ok
CB-015827-1;134;Aceptado;2007;14;Presencial;01/04/2020;28/11/2019;True;ok
CB-015923-5;134;Aceptado;2007;14;Presencial;01/04/2020;09/12/2019;True;ok
CB-015034-3;134;Aceptado;2007;14;Presencial;01/04/2020;22/11/2019;True;ok
CB-015842-5;134;Pendiente;2007;14;Presencial;01/04/2020;03/12/2019;True;ok
CB-016137-0;134;Pendiente;2007;14;Presencial;01/04/2020;18/12/2019;True;ok
CB-016499-9;134;Aceptado;2007;14;Presencial;01/04/2020;11/02/2020;True;ok
CB-015961-8;134;Pendiente;2007;14;Presencial;01/04/2020;10/12/2019;True;ok
CB-017501-0;134;Pendiente;2007;14;Presencial;01/04/2020;19/05/2020;True;err
CB-015781-0;134;Aceptado;2007;14;Presencial;01/04/2020;19/11/2019;True;ok
CB-015959-6;134;Pendiente;2007;14;Presencial;01/04/2020;10/12/2019;True;ok
CB-015818-2;134;Aceptado;2007;14;Presencial;01/04/2020;27/11/2019;True;ok
CB-016049-7;134;Pendiente;2007;14;Presencial;01/04/2020;16/12/2019;True;ok
CB-015909-0;134;Pendiente;2007;14;Presencial;01/04/2020;06/12/2019;True;ok
CB-016008-0;134;Pendiente;2007;14;Presencial;01/04/2020;12/12/2019;True;ok
CB-015803-4;134;Aceptado;2007;14;Presencial;01/04/2020;22/11/2019;True;ok
CB-016396-8;134;Pendiente;2007;14;Presencial;01/04/2020;20/12/2019;True;ok
CB-016477-8;134;Pendiente;2007;14;Presencial;01/04/2020;04/02/2020;True;ok
CB-015797-6;134;Aceptado;2007;14;Presencial;01/04/2020;20/11/2019;True;ok
CB-016435-2;134;Aceptado;2007;14;Presencial;01/04/2020;05/02/2020;True;ok
CB-016102-7;134;Pendiente;2007;14;Presencial;01/04/2020;18/12/2019;True;ok
CB-015046-7;134;Aceptado;2007;14;Presencial;01/04/2020;21/11/2019;True;ok
CB-015933-2;134;Aceptado;2007;14;Presencial;01/04/2020;09/12/2019;True;ok
CB-015867-1;134;Pendiente;2007;14;Presencial;01/04/2020;04/12/2019;True;ok
CB-016114-1;134;Aceptado;2007;14;Presencial;01/04/2020;18/12/2019;True;ok
CB-016028-4;134;Pendiente;2007;14;Presencial;01/04/2020;13/12/2019;True;ok
CB-015846-8;134;Pendiente;2007;14;Presencial;01/04/2020;03/12/2019;True;ok
CB-015889-1;134;Pendiente;2007;14;Presencial;01/04/2020;05/12/2019;True;ok
CB-015908-1;134;Pendiente;2007;14;Presencial;01/04/2020;06/12/2019;True;ok
CB-016082-9;134;Pendiente;2007;14;Presencial;01/04/2020;17/12/2019;True;ok
CB-016014-4;134;Pendiente;2007;14;Presencial;01/04/2020;12/12/2019;True;ok
CB-015780-1;134;Aceptado;2007;14;Presencial;01/04/2020;19/11/2019;True;ok
CB-016072-1;134;Pendiente;2007;14;Presencial;01/04/2020;17/12/2019;True;ok
CB-016116-7;134;Aceptado;2007;14;Presencial;01/04/2020;18/12/2019;True;ok
CB-015844-1;134;Pendiente;2007;14;Presencial;01/04/2020;03/12/2019;True;ok
CB-016025-0;134;Pendiente;2007;14;Presencial;01/04/2020;13/12/2019;True;ok
CB-016761-1;134;Pendiente;2007;14;Presencial;01/04/2020;02/03/2020;True;ok
CB-015977-4;134;Pendiente;2007;14;Presencial;01/04/2020;11/12/2019;True;ok
CB-016129-9;134;Pendiente;2007;14;Presencial;01/04/2020;18/12/2019;True;ok
CB-015905-7;134;Pendiente;2007;14;Presencial;01/04/2020;06/12/2019;True;ok
CB-016489-1;134;Aceptado;2007;14;Presencial;01/04/2020;06/02/2020;True;ok
CB-015881-6;134;Pendiente;2007;14;Presencial;01/04/2020;04/12/2019;True;ok
CB-016428-0;134;Aceptado;2007;14;Presencial;01/04/2020;05/02/2020;True;ok
CB-016413-1;134;Aceptado;2007;14;Presencial;01/04/2020;04/02/2020;True;ok
CB-015865-4;134;Aceptado;2007;14;Presencial;01/04/2020;03/12/2019;True;ok
CB-015864-6;134;Pendiente;2007;14;Presencial;01/04/2020;03/12/2019;True;ok
CB-016788-2;134;Pendiente;2007;14;Presencial;01/04/2020;29/07/2020;True;err
CB-016426-3;134;Aceptado;2007;14;Presencial;01/04/2020;05/02/2020;True;ok
CB-016463-8;134;Pendiente;2007;14;Presencial;01/04/2020;14/02/2020;True;ok
CB-015982-1;134;Pendiente;2007;14;Presencial;01/04/2020;11/12/2019;True;ok
CB-016798-0;134;Aceptado;2007;14;Presencial;01/04/2020;03/09/2020;True;err
CB-016432-8;134;Aceptado;2007;14;Presencial;01/04/2020;05/02/2020;True;ok
CB-015776-3;134;Pendiente;2007;14;Presencial;01/04/2020;19/11/2019;True;ok
CB-016043-8;134;Aceptado;2007;14;Presencial;01/04/2020;13/12/2019;True;ok
CB-016753-0;134;Aceptado;2007;14;Presencial;01/04/2020;21/02/2020;True;ok
CB-016796-3;134;Pendiente;2007;14;Presencial;01/04/2020;27/08/2020;True;err
CB-015816-6;134;Aceptado;2007;14;Presencial;01/04/2020;27/11/2019;True;ok
CB-015805-1;134;Pendiente;2007;14;Presencial;01/04/2020;25/11/2019;True;ok
CB-017503-6;134;Aceptado;2007;14;Presencial;01/04/2020;19/05/2020;True;err
CB-015792-5;134;Aceptado;2007;14;Presencial;01/04/2020;20/11/2019;True;ok
CB-015878-6;134;Pendiente;2007;14;Presencial;01/04/2020;04/12/2019;True;ok
CB-015918-9;134;Pendiente;2007;14;Presencial;01/04/2020;09/12/2019;True;ok
CB-016442-5;134;Aceptado;2007;14;Presencial;01/04/2020;10/02/2020;True;ok
CB-015939-1;134;Pendiente;2007;14;Presencial;01/04/2020;09/12/2019;True;ok
CB-016067-5;134;Pendiente;2007;14;Presencial;01/04/2020;17/12/2019;True;ok
CB-015951-1;134;Pendiente;2007;14;Presencial;01/04/2020;10/12/2019;True;ok
CB-016509-0;134;Pendiente;2007;14;Presencial;01/04/2020;12/02/2020;True;ok
CB-008805-2;134;Aceptado;2007;14;Presencial;01/04/2020;14/11/2019;True;ok
CB-016493-0;134;Pendiente;2007;14;Presencial;01/04/2020;10/02/2020;True;ok
CB-016762-9;134;Pendiente;2007;14;Presencial;01/04/2020;03/03/2020;True;ok
CB-016327-5;134;Aceptado;2007;14;Presencial;01/04/2020;10/02/2020;True;ok
CD-016327-8;135;Aceptado;2007;14;Presencial;01/04/2020;10/02/2020;True;ok
CB-016470-1;134;Pendiente;2007;14;Presencial;01/04/2020;04/02/2020;True;ok
CB-015855-7;134;Pendiente;2007;14;Presencial;01/04/2020;03/12/2019;True;ok
CE-015855-7;147;Pendiente;2007;14;Presencial;01/04/2020;03/12/2019;True;ok
CB-016123-0;134;Pendiente;2007;14;Presencial;01/04/2020;18/12/2019;True;ok
CB-014048-8;134;Aceptado;2007;14;Presencial;01/04/2020;14/11/2019;True;ok
CB-016456-5;134;Aceptado;2007;14;Presencial;01/04/2020;14/02/2020;True;ok
CB-016103-5;134;Pendiente;2007;14;Presencial;01/04/2020;18/12/2019;True;ok
CB-016118-3;134;Pendiente;2007;14;Presencial;01/04/2020;18/12/2019;True;ok
CB-016439-5;134;Aceptado;2007;14;Presencial;01/04/2020;10/02/2020;True;ok
CB-015906-5;134;Pendiente;2007;14;Presencial;01/04/2020;06/12/2019;True;ok
CB-017505-2;134;Aceptado;2007;14;Presencial;01/04/2020;19/05/2020;True;err
CB-015777-1;134;Aceptado;2007;14;Presencial;01/04/2020;19/11/2019;True;ok
CB-016004-7;134;Pendiente;2007;14;Presencial;01/04/2020;12/12/2019;True;ok
CB-015957-0;134;Pendiente;2007;14;Presencial;01/04/2020;10/12/2019;True;ok
CB-015775-5;134;Pendiente;2007;14;Presencial;01/04/2020;19/11/2019;True;ok
CB-015932-4;134;Pendiente;2007;14;Presencial;01/04/2020;09/12/2019;True;ok
CB-016404-2;134;Aceptado;2007;14;Presencial;01/04/2020;04/02/2020;True;ok
CB-015942-1;134;Aceptado;2007;14;Presencial;01/04/2020;09/12/2019;True;ok
CB-015791-7;134;Aceptado;2007;14;Presencial;01/04/2020;20/11/2019;True;ok
CB-016044-6;134;Pendiente;2007;14;Presencial;01/04/2020;16/12/2019;True;ok
CB-016501-4;134;Aceptado;2007;14;Presencial;01/04/2020;11/02/2020;True;ok
CB-016018-7;134;Aceptado;2007;14;Presencial;01/04/2020;12/12/2019;True;ok
CB-013240-0;134;Aceptado;2007;14;Presencial;01/04/2020;28/02/2020;True;ok
CB-016507-3;134;Aceptado;2007;14;Presencial;01/04/2020;12/02/2020;True;ok
CB-015545-1;134;Aceptado;2007;14;Presencial;01/04/2020;22/11/2019;True;ok
CB-015801-8;134;Aceptado;2007;14;Presencial;01/04/2020;22/11/2019;True;ok
CB-015830-1;134;Aceptado;2007;14;Presencial;01/04/2020;29/11/2019;True;ok
CB-016022-5;134;Pendiente;2007;14;Presencial;01/04/2020;13/12/2019;True;ok
CB-015833-6;134;Pendiente;2007;14;Presencial;01/04/2020;02/12/2019;True;ok
CB-016140-0;134;Aceptado;2007;14;Presencial;01/04/2020;18/12/2019;True;ok
CB-016007-1;134;Pendiente;2007;14;Presencial;01/04/2020;12/12/2019;True;ok
CB-016011-0;134;Pendiente;2007;14;Presencial;01/04/2020;12/12/2019;True;ok
CB-016440-9;134;Aceptado;2007;14;Presencial;01/04/2020;10/02/2020;True;ok
CB-016051-9;134;Pendiente;2007;14;Presencial;01/04/2020;16/12/2019;True;ok
CB-016095-1;134;Pendiente;2007;14;Presencial;01/04/2020;17/12/2019;True;ok
CB-015863-8;134;Pendiente;2007;14;Presencial;01/04/2020;03/12/2019;True;ok
CB-016425-5;134;Pendiente;2007;14;Presencial;01/04/2020;05/02/2020;True;ok
CB-012097-5;134;Aceptado;2007;14;Presencial;01/04/2020;02/03/2020;True;ok
CB-015794-1;134;Aceptado;2007;14;Presencial;01/04/2020;20/11/2019;True;ok
CB-016105-1;134;Aceptado;2007;14;Presencial;01/04/2020;18/12/2019;True;ok
CB-015929-4;134;Pendiente;2007;14;Presencial;01/04/2020;09/12/2019;True;ok
CB-015983-9;134;Aceptado;2007;14;Presencial;01/04/2020;11/12/2019;True;ok
CB-016479-4;134;Pendiente;2007;14;Presencial;01/04/2020;04/02/2020;True;ok
CB-016467-1;134;Aceptado;2007;14;Presencial;01/04/2020;14/02/2020;True;ok
CB-016452-2;134;Aceptado;2007;14;Presencial;01/04/2020;13/02/2020;True;ok
CB-015981-2;134;Pendiente;2007;14;Presencial;01/04/2020;11/12/2019;True;ok
CB-016414-0;134;Pendiente;2007;14;Presencial;01/04/2020;04/02/2020;True;ok
CB-016122-1;134;Pendiente;2007;14;Presencial;01/04/2020;18/12/2019;True;ok
CB-016026-8;134;Aceptado;2007;14;Presencial;01/04/2020;13/12/2019;True;ok
CD-016026-1;135;Pendiente;2007;14;Presencial;01/04/2020;13/12/2019;True;ok
CB-016113-2;134;Pendiente;2007;14;Presencial;01/04/2020;18/12/2019;True;ok
CB-016423-9;134;Pendiente;2007;14;Presencial;01/04/2020;05/02/2020;True;ok
CB-015882-4;134;Pendiente;2007;14;Presencial;01/04/2020;05/12/2019;True;ok
CB-016462-0;134;Aceptado;2007;14;Presencial;01/04/2020;14/02/2020;True;ok
CB-016820-0;134;Aceptado;2007;14;Presencial;01/04/2020;18/04/2020;True;err
CB-016086-1;134;Pendiente;2007;14;Presencial;01/04/2020;17/12/2019;True;ok
CB-014287-1;134;Aceptado;2007;14;Presencial;01/04/2020;13/02/2020;True;ok
CB-015874-3;134;Pendiente;2007;14;Presencial;01/04/2020;04/12/2019;True;ok
CB-016062-4;134;Pendiente;2007;14;Presencial;01/04/2020;16/12/2019;True;ok
CB-016002-1;134;Pendiente;2007;14;Presencial;01/04/2020;12/12/2019;True;ok
CB-015997-9;134;Aceptado;2007;14;Presencial;01/04/2020;12/12/2019;True;ok
CB-013301-5;134;Aceptado;2007;14;Presencial;01/04/2020;13/02/2020;True;ok
CB-015861-1;134;Pendiente;2007;14;Presencial;01/04/2020;03/12/2019;True;ok
CB-016403-4;134;Pendiente;2007;14;Presencial;01/04/2020;04/02/2020;True;ok
CB-016030-6;134;Pendiente;2007;14;Presencial;01/04/2020;13/12/2019;True;ok
CB-016076-4;134;Pendiente;2007;14;Presencial;01/04/2020;17/12/2019;True;ok
CB-014390-8;134;Pendiente;2007;14;Presencial;01/04/2020;26/02/2020;True;ok
CB-015955-3;134;Aceptado;2007;14;Presencial;01/04/2020;10/12/2019;True;ok
CB-015871-9;134;Pendiente;2007;14;Presencial;01/04/2020;04/12/2019;True;ok
CB-016068-3;134;Pendiente;2007;14;Presencial;01/04/2020;17/12/2019;True;ok
CB-016422-1;134;Aceptado;2007;14;Presencial;01/04/2020;04/02/2020;True;ok
CB-015980-4;134;Pendiente;2007;14;Presencial;01/04/2020;11/12/2019;True;ok
CB-016023-3;134;Aceptado;2007;14;Presencial;01/04/2020;13/12/2019;True;ok
CB-017734-9;134;Pendiente;2007;14;Presencial;01/04/2020;17/02/2020;True;ok
CB-016408-5;134;Aceptado;2007;14;Presencial;01/04/2020;04/02/2020;True;ok
CB-015868-9;134;Pendiente;2007;14;Presencial;01/04/2020;04/12/2019;True;ok
CB-015979-1;134;Pendiente;2007;14;Presencial;01/04/2020;11/12/2019;True;ok
CB-016075-6;134;Aceptado;2007;14;Presencial;01/04/2020;17/12/2019;True;ok
CB-015926-0;134;Pendiente;2007;14;Presencial;01/04/2020;09/12/2019;True;ok
CB-015950-2;134;Pendiente;2007;14;Presencial;01/04/2020;10/12/2019;True;ok
CB-015850-6;134;Pendiente;2007;14;Presencial;01/04/2020;03/12/2019;True;ok
CB-015866-2;134;Pendiente;2007;14;Presencial;01/04/2020;04/12/2019;True;ok
CB-016092-6;134;Aceptado;2007;14;Presencial;01/04/2020;17/12/2019;True;ok
CB-015984-7;134;Pendiente;2007;14;Presencial;01/04/2020;11/12/2019;True;ok
CB-015894-8;134;Pendiente;2007;14;Presencial;01/04/2020;05/12/2019;True;ok
CB-015971-5;134;Pendiente;2007;14;Presencial;01/04/2020;11/12/2019;True;ok
CC-015971-4;143;Pendiente;2007;14;Presencial;01/04/2020;11/12/2019;True;ok
CB-013985-4;134;Aceptado;2007;14;Presencial;01/04/2020;21/11/2019;True;ok
CB-016094-2;134;Pendiente;2007;14;Presencial;01/04/2020;17/12/2019;True;ok
CB-016036-5;134;Pendiente;2007;14;Presencial;01/04/2020;13/12/2019;True;ok
CB-016421-2;134;Aceptado;2007;14;Presencial;01/04/2020;04/02/2020;True;ok
CB-016098-5;134;Pendiente;2007;14;Presencial;01/04/2020;18/12/2019;True;ok
CB-013150-1;134;Aceptado;2007;14;Presencial;01/04/2020;22/11/2019;True;ok
CB-015949-9;134;Pendiente;2007;14;Presencial;01/04/2020;10/12/2019;True;ok
CB-013914-5;134;Aceptado;2007;14;Presencial;01/04/2020;10/02/2020;True;ok
CB-016039-0;134;Aceptado;2007;14;Presencial;01/04/2020;13/12/2019;True;ok
CE-016039-0;147;Aceptado;2007;14;Presencial;01/04/2020;13/12/2019;True;ok
CB-016484-1;134;Aceptado;2007;14;Presencial;01/04/2020;05/02/2020;True;ok
CB-015946-4;134;Pendiente;2007;14;Presencial;01/04/2020;10/12/2019;True;ok
CB-016131-1;134;Pendiente;2007;14;Presencial;01/04/2020;18/12/2019;True;ok
CB-016063-2;134;Pendiente;2007;14;Presencial;01/04/2020;17/12/2019;True;ok
CB-016126-4;134;Pendiente;2007;14;Presencial;01/04/2020;18/12/2019;True;ok
CB-016818-8;134;Pendiente;2007;14;Presencial;01/04/2020;18/04/2020;True;err
CB-016504-9;134;Pendiente;2007;14;Presencial;01/04/2020;12/02/2020;True;ok
CB-009496-6;134;Aceptado;2007;14;Presencial;01/04/2020;26/02/2020;True;ok
CB-016464-6;134;Pendiente;2007;14;Presencial;01/04/2020;14/02/2020;True;ok
CB-017508-7;134;Pendiente;2007;14;Presencial;01/04/2020;19/05/2020;True;err
CB-016473-5;134;Pendiente;2007;14;Presencial;01/04/2020;04/02/2020;True;ok
CB-002240-0;134;Aceptado;2007;14;Presencial;01/04/2020;22/11/2019;True;ok
CB-016107-8;134;Pendiente;2007;14;Presencial;01/04/2020;18/12/2019;True;ok
CD-016107-1;135;Pendiente;2007;14;Presencial;01/04/2020;18/12/2019;True;ok
CB-016519-7;134;Pendiente;2007;14;Presencial;01/04/2020;13/02/2020;True;ok
CB-016429-8;134;Pendiente;2007;14;Presencial;01/04/2020;05/02/2020;True;ok
CB-015821-2;134;Pendiente;2007;14;Presencial;01/04/2020;27/11/2019;True;ok
CB-016515-4;134;Aceptado;2007;14;Presencial;01/04/2020;13/02/2020;True;ok
CB-016046-2;134;Pendiente;2007;14;Presencial;01/04/2020;16/12/2019;True;ok
CB-016093-4;134;Aceptado;2007;14;Presencial;01/04/2020;17/12/2019;True;ok
CB-016482-4;134;Aceptado;2007;14;Presencial;01/04/2020;04/02/2020;True;ok
CB-016466-2;134;Aceptado;2007;14;Presencial;01/04/2020;14/02/2020;True;ok
CB-016486-7;134;Aceptado;2007;14;Presencial;01/04/2020;06/02/2020;True;ok
CB-015840-9;134;Pendiente;2007;14;Presencial;01/04/2020;03/12/2019;True;ok
CB-015845-0;134;Aceptado;2007;14;Presencial;01/04/2020;03/12/2019;True;ok
CB-015784-4;134;Aceptado;2007;14;Presencial;01/04/2020;19/11/2019;True;ok
CB-015849-2;134;Pendiente;2007;14;Presencial;01/04/2020;03/12/2019;True;ok
CB-016418-2;134;Aceptado;2007;14;Presencial;01/04/2020;04/02/2020;True;ok
CB-015967-7;134;Aceptado;2007;14;Presencial;01/04/2020;11/12/2019;True;ok
CB-015907-3;134;Pendiente;2007;14;Presencial;01/04/2020;06/12/2019;True;ok
CB-016749-1;134;Aceptado;2007;14;Presencial;01/04/2020;19/02/2020;True;ok
CB-015873-5;134;Aceptado;2007;14;Presencial;01/04/2020;04/12/2019;True;ok
CB-015817-4;134;Aceptado;2007;14;Presencial;01/04/2020;27/11/2019;True;ok
CB-016045-4;134;Aceptado;2007;14;Presencial;01/04/2020;16/12/2019;True;ok
CB-016475-1;134;Aceptado;2007;14;Presencial;01/04/2020;04/02/2020;True;ok
CB-015814-0;134;Pendiente;2007;14;Presencial;01/04/2020;26/11/2019;True;ok
CB-002193-4;134;Aceptado;2007;14;Presencial;01/04/2020;22/11/2019;True;ok
CB-016480-8;134;Aceptado;2007;14;Presencial;01/04/2020;04/02/2020;True;ok
CB-015857-3;134;Pendiente;2007;14;Presencial;01/04/2020;03/12/2019;True;ok
CB-015810-7;134;Aceptado;2007;14;Presencial;01/04/2020;26/11/2019;True;ok
CB-012229-3;134;Aceptado;2007;14;Presencial;01/04/2020;20/11/2019;True;ok
CB-015999-5;134;Pendiente;2007;14;Presencial;01/04/2020;12/12/2019;True;ok
CB-015936-7;134;Pendiente;2007;14;Presencial;01/04/2020;09/12/2019;True;ok
CB-015782-8;134;Aceptado;2007;14;Presencial;01/04/2020;19/11/2019;True;ok
CB-016476-0;134;Pendiente;2007;14;Presencial;01/04/2020;04/02/2020;True;ok
CB-016505-7;134;Aceptado;2007;14;Presencial;01/04/2020;12/02/2020;True;ok
CB-016135-3;134;Pendiente;2007;14;Presencial;01/04/2020;18/12/2019;True;ok
CB-015883-2;134;Pendiente;2007;14;Presencial;01/04/2020;05/12/2019;True;ok
CB-015284-2;134;Aceptado;2007;14;Presencial;01/04/2020;21/11/2019;True;ok
CB-015823-9;134;Pendiente;2007;14;Presencial;01/04/2020;28/11/2019;True;ok
CB-016141-8;134;Pendiente;2007;14;Presencial;01/04/2020;18/12/2019;True;ok
CB-015829-8;134;Pendiente;2007;14;Presencial;01/04/2020;28/11/2019;True;ok
CB-017510-9;134;Aceptado;2007;14;Presencial;01/04/2020;19/05/2020;True;err
CB-016010-1;134;Pendiente;2007;14;Presencial;01/04/2020;12/12/2019;True;ok
CB-016110-8;134;Aceptado;2007;14;Presencial;01/04/2020;18/12/2019;True;ok
CB-016430-1;134;Pendiente;2007;14;Presencial;01/04/2020;05/02/2020;True;ok
CB-015947-2;134;Pendiente;2007;14;Presencial;01/04/2020;10/12/2019;True;ok
CB-016115-9;134;Pendiente;2007;14;Presencial;01/04/2020;18/12/2019;True;ok
CB-016037-3;134;Pendiente;2007;14;Presencial;01/04/2020;13/12/2019;True;ok
CB-015877-8;134;Aceptado;2007;14;Presencial;01/04/2020;04/12/2019;True;ok
CB-016013-6;134;Pendiente;2007;14;Presencial;01/04/2020;12/12/2019;True;ok
CB-016496-4;134;Aceptado;2007;14;Presencial;01/04/2020;11/02/2020;True;ok
CB-015917-1;134;Pendiente;2007;14;Presencial;01/04/2020;09/12/2019;True;ok
CB-015862-0;134;Pendiente;2007;14;Presencial;01/04/2020;03/12/2019;True;ok
CB-016001-2;134;Pendiente;2007;14;Presencial;01/04/2020;12/12/2019;True;ok
CB-012329-0;134;Aceptado;2007;14;Presencial;01/04/2020;26/02/2020;True;ok
CB-015802-6;134;Pendiente;2007;14;Presencial;01/04/2020;22/11/2019;True;ok
CB-015996-1;134;Pendiente;2007;14;Presencial;01/04/2020;12/12/2019;True;ok
CB-015820-4;134;Pendiente;2007;14;Presencial;01/04/2020;27/11/2019;True;ok
CB-015839-5;134;Aceptado;2007;14;Presencial;01/04/2020;02/12/2019;True;ok
CB-016100-1;134;Pendiente;2007;14;Presencial;01/04/2020;18/12/2019;True;ok
CB-015835-2;134;Aceptado;2007;14;Presencial;01/04/2020;02/12/2019;True;ok
CC-015835-1;143;Aceptado;2007;14;Presencial;01/04/2020;02/12/2019;True;ok
CB-016434-4;134;Pendiente;2007;14;Presencial;01/04/2020;05/02/2020;True;ok
CB-014100-0;134;Aceptado;2007;14;Presencial;01/04/2020;04/11/2019;True;ok
CB-011899-7;134;Aceptado;2007;14;Presencial;01/04/2020;22/11/2019;True;ok
CB-016006-3;134;Pendiente;2007;14;Presencial;01/04/2020;12/12/2019;True;ok
CB-016446-8;134;Aceptado;2007;14;Presencial;01/04/2020;10/02/2020;True;ok
CB-016416-6;134;Aceptado;2007;14;Presencial;01/04/2020;04/02/2020;True;ok
CB-015809-3;134;Pendiente;2007;14;Presencial;01/04/2020;26/11/2019;True;ok
CB-016089-6;134;Pendiente;2007;14;Presencial;01/04/2020;17/12/2019;True;ok
CB-016751-3;134;Pendiente;2007;14;Presencial;01/04/2020;21/02/2020;True;ok
CB-015847-6;134;Pendiente;2007;14;Presencial;01/04/2020;03/12/2019;True;ok
CB-015811-5;134;Pendiente;2007;14;Presencial;01/04/2020;26/11/2019;True;ok
CB-015793-3;134;Aceptado;2007;14;Presencial;01/04/2020;20/11/2019;True;ok
CB-016142-6;134;Pendiente;2007;14;Presencial;01/04/2020;18/12/2019;True;ok
CB-016059-4;134;Pendiente;2007;14;Presencial;01/04/2020;16/12/2019;True;ok
CB-015831-0;134;Pendiente;2007;14;Presencial;01/04/2020;02/12/2019;True;ok
CB-016127-2;134;Aceptado;2007;14;Presencial;01/04/2020;18/12/2019;True;ok
CB-016136-1;134;Aceptado;2007;14;Presencial;01/04/2020;18/12/2019;True;ok
CB-016034-9;134;Pendiente;2007;14;Presencial;01/04/2020;13/12/2019;True;ok
CB-017659-8;134;Aceptado;2007;14;Presencial;01/04/2020;28/02/2020;True;ok
CB-015860-3;134;Pendiente;2007;14;Presencial;01/04/2020;03/12/2019;True;ok
CB-015915-4;134;Pendiente;2007;14;Presencial;01/04/2020;06/12/2019;True;ok
CB-015990-1;134;Pendiente;2007;14;Presencial;01/04/2020;11/12/2019;True;ok
CB-016490-5;134;Pendiente;2007;14;Presencial;01/04/2020;06/02/2020;True;ok
CB-016448-4;134;Aceptado;2007;14;Presencial;01/04/2020;11/02/2020;True;ok
CB-015992-8;134;Aceptado;2007;14;Presencial;01/04/2020;11/12/2019;True;ok
CB-016101-9;134;Pendiente;2007;14;Presencial;01/04/2020;18/12/2019;True;ok
CB-016138-8;134;Pendiente;2007;14;Presencial;01/04/2020;18/12/2019;True;ok
CB-002532-8;134;Aceptado;2007;14;Presencial;01/04/2020;26/02/2020;True;ok
CB-015779-8;134;Aceptado;2007;14;Presencial;01/04/2020;19/11/2019;True;ok
CB-015812-3;134;Pendiente;2007;14;Presencial;01/04/2020;26/11/2019;True;ok
CB-015807-7;134;Aceptado;2007;14;Presencial;01/04/2020;25/11/2019;True;ok
CB-015778-0;134;Aceptado;2007;14;Presencial;01/04/2020;19/11/2019;True;ok
CB-015998-7;134;Pendiente;2007;14;Presencial;01/04/2020;12/12/2019;True;ok
CB-015838-7;134;Pendiente;2007;14;Presencial;01/04/2020;02/12/2019;True;ok
CB-015790-9;134;Pendiente;2007;14;Presencial;01/04/2020;20/11/2019;True;ok
CB-016451-4;134;Aceptado;2007;14;Presencial;01/04/2020;13/02/2020;True;ok
CB-015880-8;134;Pendiente;2007;14;Presencial;01/04/2020;04/12/2019;True;ok
CB-016117-5;134;Aceptado;2007;14;Presencial;01/04/2020;18/12/2019;True;ok
CB-016760-2;134;Pendiente;2007;14;Presencial;01/04/2020;02/03/2020;True;ok
CB-016488-3;134;Aceptado;2007;14;Presencial;01/04/2020;06/02/2020;True;ok
CB-015786-1;134;Pendiente;2007;14;Presencial;01/04/2020;19/11/2019;True;ok
CB-015858-1;134;Pendiente;2007;14;Presencial;01/04/2020;03/12/2019;True;ok
CB-015945-6;134;Pendiente;2007;14;Presencial;01/04/2020;10/12/2019;True;ok
CB-016441-7;134;Pendiente;2007;14;Presencial;01/04/2020;10/02/2020;True;ok
CB-015888-3;134;Pendiente;2007;14;Presencial;01/04/2020;05/12/2019;True;ok
CB-015935-9;134;Pendiente;2007;14;Presencial;01/04/2020;09/12/2019;True;ok
CB-013923-4;134;Aceptado;2007;14;Presencial;01/04/2020;05/11/2019;True;ok
CB-015904-9;134;Pendiente;2007;14;Presencial;01/04/2020;06/12/2019;True;ok
CB-014217-1;134;Aceptado;2007;14;Presencial;01/04/2020;22/11/2019;True;ok
CB-016130-2;134;Pendiente;2007;14;Presencial;01/04/2020;18/12/2019;True;ok
CB-015826-3;134;Aceptado;2007;14;Presencial;01/04/2020;28/11/2019;True;ok
CB-016508-1;134;Pendiente;2007;14;Presencial;01/04/2020;12/02/2020;True;ok
CB-012420-2;134;Aceptado;2007;14;Presencial;01/04/2020;22/11/2019;True;ok
CB-015900-6;134;Aceptado;2007;14;Presencial;01/04/2020;05/12/2019;True;ok
CB-015991-0;134;Pendiente;2007;14;Presencial;01/04/2020;11/12/2019;True;ok
CB-015799-2;134;Aceptado;2007;14;Presencial;01/04/2020;21/11/2019;True;ok
CB-015843-3;134;Pendiente;2007;14;Presencial;01/04/2020;03/12/2019;True;ok
CB-015975-8;134;Pendiente;2007;14;Presencial;01/04/2020;11/12/2019;True;ok
CB-016520-1;134;Pendiente;2007;14;Presencial;01/04/2020;13/02/2020;True;ok
CB-012973-5;134;Aceptado;2007;14;Presencial;01/04/2020;26/02/2020;True;ok
CB-015066-1;134;Aceptado;2007;14;Presencial;01/04/2020;22/11/2019;True;ok
CB-016433-6;134;Aceptado;2007;14;Presencial;01/04/2020;05/02/2020;True;ok
CB-016106-0;134;Pendiente;2007;14;Presencial;01/04/2020;18/12/2019;True;ok
CB-015966-9;134;Pendiente;2007;14;Presencial;01/04/2020;11/12/2019;True;ok
CB-015995-2;134;Pendiente;2007;14;Presencial;01/04/2020;12/12/2019;True;ok
CB-016469-7;134;Pendiente;2007;14;Presencial;01/04/2020;14/02/2020;True;ok
CB-016012-8;134;Pendiente;2007;14;Presencial;01/04/2020;12/12/2019;True;ok
CB-016415-8;134;Aceptado;2007;14;Presencial;01/04/2020;04/02/2020;True;ok
CB-015804-2;134;Aceptado;2007;14;Presencial;01/04/2020;25/11/2019;True;ok
CB-015825-5;134;Pendiente;2007;14;Presencial;01/04/2020;28/11/2019;True;ok
CB-016487-5;134;Pendiente;2007;14;Presencial;01/04/2020;06/02/2020;True;ok
CB-016478-6;134;Aceptado;2007;14;Presencial;01/04/2020;04/02/2020;True;ok
CB-016449-2;134;Pendiente;2007;14;Presencial;01/04/2020;11/02/2020;True;ok
CB-015965-1;134;Pendiente;2007;14;Presencial;01/04/2020;11/12/2019;True;ok
CB-014919-1;134;Aceptado;2007;14;Presencial;01/04/2020;13/02/2020;True;ok
CB-016498-1;134;Aceptado;2007;14;Presencial;01/04/2020;11/02/2020;True;ok
CB-015960-0;134;Pendiente;2007;14;Presencial;01/04/2020;10/12/2019;True;ok
CB-016764-5;134;Pendiente;2007;14;Presencial;01/04/2020;06/03/2020;True;ok
CB-015976-6;134;Pendiente;2007;14;Presencial;01/04/2020;11/12/2019;True;ok
CB-013204-3;134;Aceptado;2007;14;Presencial;01/04/2020;14/02/2020;True;ok
CB-016064-1;134;Pendiente;2007;14;Presencial;01/04/2020;17/12/2019;True;ok
CB-015972-3;134;Aceptado;2007;14;Presencial;01/04/2020;11/12/2019;True;ok
CB-016112-4;134;Pendiente;2007;14;Presencial;01/04/2020;18/12/2019;True;ok
CB-016071-3;134;Pendiente;2007;14;Presencial;01/04/2020;17/12/2019;True;ok
CB-016474-3;134;Pendiente;2007;14;Presencial;01/04/2020;04/02/2020;True;ok
CB-016027-6;134;Pendiente;2007;14;Presencial;01/04/2020;13/12/2019;True;ok
CB-016104-3;134;Aceptado;2007;14;Presencial;01/04/2020;18/12/2019;True;ok
CB-016778-5;134;Aceptado;2007;14;Presencial;01/04/2020;10/03/2020;True;ok
CB-016050-1;134;Pendiente;2007;14;Presencial;01/04/2020;16/12/2019;True;ok
CB-017751-9;134;Aceptado;2007;14;Presencial;01/04/2020;17/02/2020;True;ok
CB-016457-3;134;Aceptado;2007;14;Presencial;01/04/2020;14/02/2020;True;ok
CB-016458-1;134;Aceptado;2007;14;Presencial;01/04/2020;14/02/2020;True;ok
CB-016481-6;134;Pendiente;2007;14;Presencial;01/04/2020;04/02/2020;True;ok
CB-016081-1;134;Pendiente;2007;14;Presencial;01/04/2020;17/12/2019;True;ok
CB-015969-3;134;Aceptado;2007;14;Presencial;01/04/2020;11/12/2019;True;ok
CB-016088-8;134;Aceptado;2007;14;Presencial;01/04/2020;17/12/2019;True;ok
CB-012958-1;134;Aceptado;2007;14;Presencial;01/04/2020;19/11/2019;True;ok
CB-016090-0;134;Aceptado;2007;14;Presencial;01/04/2020;17/12/2019;True;ok
CB-016003-9;134;Pendiente;2007;14;Presencial;01/04/2020;12/12/2019;True;ok
CB-015787-9;134;Pendiente;2007;14;Presencial;01/04/2020;19/11/2019;True;ok
CB-016819-6;134;Pendiente;2007;14;Presencial;01/04/2020;18/04/2020;True;err
CB-016437-9;134;Pendiente;2007;14;Presencial;01/04/2020;10/02/2020;True;ok
CB-015869-7;134;Pendiente;2007;14;Presencial;01/04/2020;04/12/2019;True;ok
CB-015956-1;134;Pendiente;2007;14;Presencial;01/04/2020;10/12/2019;True;ok
CB-016120-5;134;Pendiente;2007;14;Presencial;01/04/2020;18/12/2019;True;ok
CB-017502-8;134;Aceptado;2007;14;Presencial;01/04/2020;19/05/2020;True;err
CB-016087-0;134;Pendiente;2007;14;Presencial;01/04/2020;17/12/2019;True;ok
CB-016400-0;134;Aceptado;2007;14;Presencial;01/04/2020;04/02/2020;True;ok
CB-016099-3;134;Aceptado;2007;14;Presencial;01/04/2020;18/12/2019;True;ok
CB-016512-0;134;Aceptado;2007;14;Presencial;01/04/2020;12/02/2020;True;ok
CB-015985-5;134;Pendiente;2007;14;Presencial;01/04/2020;11/12/2019;True;ok
CB-016809-9;134;Pendiente;2007;14;Presencial;01/04/2020;29/09/2020;True;err
CB-015919-7;134;Pendiente;2007;14;Presencial;01/04/2020;09/12/2019;True;ok
CB-015948-1;134;Pendiente;2007;14;Presencial;01/04/2020;10/12/2019;True;ok
CB-016401-8;134;Aceptado;2007;14;Presencial;01/04/2020;04/02/2020;True;ok
CB-016405-1;134;Aceptado;2007;14;Presencial;01/04/2020;04/02/2020;True;ok
CB-016128-1;134;Pendiente;2007;14;Presencial;01/04/2020;18/12/2019;True;ok
CB-016020-9;134;Pendiente;2007;14;Presencial;01/04/2020;13/12/2019;True;ok
CD-016020-1;135;Pendiente;2007;14;Presencial;01/04/2020;13/12/2019;True;ok
CB-016500-6;134;Aceptado;2007;14;Presencial;01/04/2020;11/02/2020;True;ok
CB-016054-3;134;Pendiente;2007;14;Presencial;01/04/2020;16/12/2019;True;ok
CB-016070-5;134;Aceptado;2007;14;Presencial;01/04/2020;17/12/2019;True;ok
CB-016069-1;134;Pendiente;2007;14;Presencial;01/04/2020;17/12/2019;True;ok
CB-015851-4;134;Aceptado;2007;14;Presencial;01/04/2020;03/12/2019;True;ok
CB-016483-2;134;Pendiente;2007;14;Presencial;01/04/2020;05/02/2020;True;ok
CB-016443-3;134;Aceptado;2007;14;Presencial;01/04/2020;10/02/2020;True;ok
CB-015696-1;134;Pendiente;2007;14;Presencial;01/04/2020;10/02/2020;True;ok
CB-016518-9;134;Aceptado;2007;14;Presencial;01/04/2020;13/02/2020;True;ok
CB-016029-2;134;Pendiente;2007;14;Presencial;01/04/2020;13/12/2019;True;ok
CB-015796-8;134;Aceptado;2007;14;Presencial;01/04/2020;20/11/2019;True;ok
CB-016084-5;134;Aceptado;2007;14;Presencial;01/04/2020;17/12/2019;True;ok
CB-015824-7;134;Aceptado;2007;14;Presencial;01/04/2020;28/11/2019;True;ok
CB-015916-2;134;Pendiente;2007;14;Presencial;01/04/2020;09/12/2019;True;ok
CB-016031-4;134;Pendiente;2007;14;Presencial;01/04/2020;13/12/2019;True;ok
CB-015890-5;134;Aceptado;2007;14;Presencial;01/04/2020;05/12/2019;True;ok
CB-015953-7;134;Pendiente;2007;14;Presencial;01/04/2020;10/12/2019;True;ok
CB-016502-2;134;Pendiente;2007;14;Presencial;01/04/2020;11/02/2020;True;ok
CB-015879-4;134;Pendiente;2007;14;Presencial;01/04/2020;04/12/2019;True;ok
CB-015795-0;134;Aceptado;2007;14;Presencial;01/04/2020;20/11/2019;True;ok
CC-015795-9;143;Aceptado;2007;14;Presencial;01/04/2020;20/11/2019;True;ok
CB-016436-1;134;Aceptado;2007;14;Presencial;01/04/2020;05/02/2020;True;ok
CB-015913-8;134;Aceptado;2007;14;Presencial;01/04/2020;06/12/2019;True;ok
CB-016406-9;134;Aceptado;2007;14;Presencial;01/04/2020;04/02/2020;True;ok
CB-015925-1;134;Pendiente;2007;14;Presencial;01/04/2020;09/12/2019;True;ok
CB-015885-9;134;Pendiente;2007;14;Presencial;01/04/2020;05/12/2019;True;ok
CB-016459-0;134;Pendiente;2007;14;Presencial;01/04/2020;14/02/2020;True;ok
CB-016096-9;134;Pendiente;2007;14;Presencial;01/04/2020;17/12/2019;True;ok
CB-015986-3;134;Pendiente;2007;14;Presencial;01/04/2020;11/12/2019;True;ok
CB-015964-2;134;Pendiente;2007;14;Presencial;01/04/2020;11/12/2019;True;ok
CB-016109-4;134;Pendiente;2007;14;Presencial;01/04/2020;18/12/2019;True;ok
CB-016061-6;134;Pendiente;2007;14;Presencial;01/04/2020;16/12/2019;True;ok
CB-016048-9;134;Pendiente;2007;14;Presencial;01/04/2020;16/12/2019;True;ok
CB-015886-7;134;Pendiente;2007;14;Presencial;01/04/2020;05/12/2019;True;ok
CB-016472-7;134;Aceptado;2007;14;Presencial;01/04/2020;04/02/2020;True;ok
CB-016399-2;134;Pendiente;2007;14;Presencial;01/04/2020;04/02/2020;True;ok
CB-016077-2;134;Pendiente;2007;14;Presencial;01/04/2020;17/12/2019;True;ok
CB-015875-1;134;Pendiente;2007;14;Presencial;01/04/2020;04/12/2019;True;ok
CB-016412-3;134;Aceptado;2007;14;Presencial;01/04/2020;04/02/2020;True;ok
CB-015940-5;134;Pendiente;2007;14;Presencial;01/04/2020;09/12/2019;True;ok
CB-016485-9;134;Aceptado;2007;14;Presencial;01/04/2020;06/02/2020;True;ok
CB-016097-7;134;Pendiente;2007;14;Presencial;01/04/2020;17/12/2019;True;ok
CB-016461-1;134;Aceptado;2007;14;Presencial;01/04/2020;14/02/2020;True;ok
CB-016419-1;134;Pendiente;2007;14;Presencial;01/04/2020;04/02/2020;True;ok
CB-015304-1;134;Aceptado;2007;14;Presencial;01/04/2020;22/11/2019;True;ok
CB-016065-9;134;Pendiente;2007;14;Presencial;01/04/2020;17/12/2019;True;ok
CB-015901-4;134;Aceptado;2007;14;Presencial;01/04/2020;05/12/2019;True;ok
CB-016517-1;134;Aceptado;2007;14;Presencial;01/04/2020;13/02/2020;True;ok
CB-015891-3;134;Pendiente;2007;14;Presencial;01/04/2020;05/12/2019;True;ok
CB-012092-4;134;Aceptado;2007;14;Presencial;01/04/2020;25/11/2019;True;ok
CB-016471-9;134;Pendiente;2007;14;Presencial;01/04/2020;04/02/2020;True;ok
CB-015276-1;134;Pendiente;2007;14;Presencial;01/04/2020;22/11/2019;True;ok
CB-016005-5;134;Aceptado;2007;14;Presencial;01/04/2020;12/12/2019;True;ok
CB-016397-6;134;Aceptado;2007;14;Presencial;01/04/2020;04/02/2020;True;ok
CB-016108-6;134;Pendiente;2007;14;Presencial;01/04/2020;18/12/2019;True;ok
CB-016811-1;134;Aceptado;2007;14;Presencial;01/04/2020;07/10/2020;True;err
CB-015837-9;134;Pendiente;2007;14;Presencial;01/04/2020;02/12/2019;True;ok
CB-016409-3;134;Pendiente;2007;14;Presencial;01/04/2020;04/02/2020;True;ok
CB-016513-8;134;Aceptado;2007;14;Presencial;01/04/2020;13/02/2020;True;ok
CB-017504-4;134;Pendiente;2007;14;Presencial;01/04/2020;19/05/2020;True;err
CB-013389-9;134;Aceptado;2007;14;Presencial;01/04/2020;10/02/2020;True;ok
CB-014029-1;134;Aceptado;2007;14;Presencial;01/04/2020;11/11/2019;True;ok
CB-017636-9;134;Aceptado;2007;14;Presencial;01/04/2020;01/04/2020;True;ok
CB-015931-6;134;Pendiente;2007;14;Presencial;01/04/2020;09/12/2019;True;ok
CB-012204-8;134;Aceptado;2007;14;Presencial;01/04/2020;11/11/2019;True;ok
CB-016398-4;134;Aceptado;2007;14;Presencial;01/04/2020;04/02/2020;True;ok
CB-012922-1;134;Aceptado;2007;14;Presencial;01/04/2020;19/11/2019;True;ok
CB-015968-5;134;Pendiente;2007;14;Presencial;01/04/2020;11/12/2019;True;ok
CB-015895-6;134;Pendiente;2007;14;Presencial;01/04/2020;05/12/2019;True;ok
CB-016420-4;134;Aceptado;2007;14;Presencial;01/04/2020;04/02/2020;True;ok
CB-016431-0;134;Pendiente;2007;14;Presencial;01/04/2020;05/02/2020;True;ok
CB-014209-0;134;Aceptado;2007;14;Presencial;01/04/2020;21/11/2019;True;ok
CB-016752-1;134;Pendiente;2007;14;Presencial;01/04/2020;21/02/2020;True;ok
CB-016124-8;134;Pendiente;2007;14;Presencial;01/04/2020;18/12/2019;True;ok
CB-015800-0;134;Aceptado;2007;14;Presencial;01/04/2020;21/11/2019;True;ok
CB-012365-6;134;Aceptado;2007;14;Presencial;01/04/2020;10/02/2020;True;ok
CB-016763-7;134;Pendiente;2007;14;Presencial;01/04/2020;05/03/2020;True;ok
CB-016015-2;134;Pendiente;2007;14;Presencial;01/04/2020;12/12/2019;True;ok
CB-016750-5;134;Pendiente;2007;14;Presencial;01/04/2020;19/02/2020;True;ok
CB-015832-8;134;Aceptado;2007;14;Presencial;01/04/2020;02/12/2019;True;ok
CB-016444-1;134;Aceptado;2007;14;Presencial;01/04/2020;10/02/2020;True;ok
CD-016444-4;135;Aceptado;2007;14;Presencial;01/04/2020;10/02/2020;True;ok
CB-015937-5;134;Pendiente;2007;14;Presencial;01/04/2020;09/12/2019;True;ok
CB-016468-9;134;Aceptado;2007;14;Presencial;01/04/2020;14/02/2020;True;ok
CB-016132-9;134;Aceptado;2007;14;Presencial;01/04/2020;18/12/2019;True;ok
CB-015783-6;134;Aceptado;2007;14;Presencial;01/04/2020;19/11/2019;True;ok
CB-016139-6;134;Aceptado;2007;14;Presencial;01/04/2020;18/12/2019;True;ok
CB-015785-2;134;Aceptado;2007;14;Presencial;01/04/2020;19/11/2019;True;ok
CB-015822-1;134;Pendiente;2007;14;Presencial;01/04/2020;27/11/2019;True;ok
CB-016078-1;134;Pendiente;2007;14;Presencial;01/04/2020;17/12/2019;True;ok
CB-016053-5;134;Pendiente;2007;14;Presencial;01/04/2020;16/12/2019;True;ok
CB-016024-1;134;Aceptado;2007;14;Presencial;01/04/2020;13/12/2019;True;ok
CB-015928-6;134;Pendiente;2007;14;Presencial;01/04/2020;09/12/2019;True;ok
CB-015963-4;134;Pendiente;2007;14;Presencial;01/04/2020;11/12/2019;True;ok
CB-016057-8;134;Aceptado;2007;14;Presencial;01/04/2020;16/12/2019;True;ok
CB-016119-1;134;Pendiente;2007;14;Presencial;01/04/2020;18/12/2019;True;ok
CB-015924-3;134;Pendiente;2007;14;Presencial;01/04/2020;09/12/2019;True;ok
CB-016035-7;134;Pendiente;2007;14;Presencial;01/04/2020;13/12/2019;True;ok
CB-016000-4;134;Pendiente;2007;14;Presencial;01/04/2020;12/12/2019;True;ok
CB-016407-7;134;Pendiente;2007;14;Presencial;01/04/2020;04/02/2020;True;ok
CB-015859-0;134;Aceptado;2007;14;Presencial;01/04/2020;03/12/2019;True;ok
CB-016506-5;134;Pendiente;2007;14;Presencial;01/04/2020;12/02/2020;True;ok
CB-016056-0;134;Aceptado;2007;14;Presencial;01/04/2020;16/12/2019;True;ok
CB-016427-1;134;Pendiente;2007;14;Presencial;01/04/2020;05/02/2020;True;ok
CB-016455-7;134;Pendiente;2007;14;Presencial;01/04/2020;14/02/2020;True;ok
CB-016410-7;134;Pendiente;2007;14;Presencial;01/04/2020;04/02/2020;True;ok
CB-016516-2;134;Pendiente;2007;14;Presencial;01/04/2020;13/02/2020;True;ok
CB-009718-3;134;Aceptado;2007;14;Presencial;01/04/2020;20/11/2019;True;ok
CD-009718-6;135;Aceptado;2007;14;Presencial;01/04/2020;20/11/2019;True;ok
CB-015848-4;134;Pendiente;2007;14;Presencial;01/04/2020;03/12/2019;True;ok
CB-016450-6;134;Aceptado;2007;14;Presencial;01/04/2020;13/02/2020;True;ok
CB-016465-4;134;Pendiente;2007;14;Presencial;01/04/2020;14/02/2020;True;ok
CD-016465-7;135;Pendiente;2007;14;Presencial;01/04/2020;14/02/2020;True;ok
CB-015944-8;134;Pendiente;2007;14;Presencial;01/04/2020;10/12/2019;True;ok
CB-015892-1;134;Pendiente;2007;14;Presencial;01/04/2020;05/12/2019;True;ok
CB-017506-1;134;Aceptado;2007;14;Presencial;01/04/2020;19/05/2020;True;err
CB-017507-9;134;Aceptado;2007;14;Presencial;01/04/2020;19/05/2020;True;err
CB-016052-7;134;Pendiente;2007;14;Presencial;01/04/2020;16/12/2019;True;ok
CB-013226-4;134;Aceptado;2007;14;Presencial;01/04/2020;22/11/2019;True;ok
CB-015974-0;134;Pendiente;2007;14;Presencial;01/04/2020;11/12/2019;True;ok
CB-016514-6;134;Aceptado;2007;14;Presencial;01/04/2020;13/02/2020;True;ok
CB-016133-7;134;Pendiente;2007;14;Presencial;01/04/2020;18/12/2019;True;ok
CB-015893-0;134;Pendiente;2007;14;Presencial;01/04/2020;05/12/2019;True;ok
CB-011963-2;134;Aceptado;2007;14;Presencial;01/04/2020;26/02/2020;True;ok
CB-016748-3;134;Pendiente;2007;14;Presencial;01/04/2020;17/02/2020;True;ok
CB-016754-8;134;Pendiente;2007;14;Presencial;01/04/2020;27/02/2020;True;ok
CB-007656-9;134;Aceptado;2007;14;Presencial;01/04/2020;04/11/2019;True;ok
CB-016402-6;134;Pendiente;2007;14;Presencial;01/04/2020;04/02/2020;True;ok
CB-015922-7;134;Pendiente;2007;14;Presencial;01/04/2020;09/12/2019;True;ok
CB-016060-8;134;Pendiente;2007;14;Presencial;01/04/2020;16/12/2019;True;ok
CB-013388-1;134;Aceptado;2007;14;Presencial;01/04/2020;10/02/2020;True;ok
CB-016807-2;134;Pendiente;2007;14;Presencial;01/04/2020;29/09/2020;True;err
CB-015970-7;134;Aceptado;2007;14;Presencial;01/04/2020;11/12/2019;True;ok
CB-016032-2;134;Pendiente;2007;14;Presencial;01/04/2020;13/12/2019;True;ok
CB-015993-6;134;Pendiente;2007;14;Presencial;01/04/2020;12/12/2019;True;ok
CB-016074-8;134;Pendiente;2007;14;Presencial;01/04/2020;17/12/2019;True;ok
CB-016085-3;134;Pendiente;2007;14;Presencial;01/04/2020;17/12/2019;True;ok
CB-016438-7;134;Aceptado;2007;14;Presencial;01/04/2020;10/02/2020;True;ok
CB-015836-1;134;Pendiente;2007;14;Presencial;01/04/2020;02/12/2019;True;ok
CB-015903-1;134;Pendiente;2007;14;Presencial;01/04/2020;06/12/2019;True;ok
CB-015920-1;134;Pendiente;2007;14;Presencial;01/04/2020;09/12/2019;True;ok
CB-016021-7;134;Pendiente;2007;14;Presencial;01/04/2020;13/12/2019;True;ok
CB-017511-7;134;Aceptado;2007;14;Presencial;01/04/2020;19/05/2020;True;err
CB-016492-1;134;Aceptado;2007;14;Presencial;01/04/2020;06/02/2020;True;ok
CB-016521-9;134;Pendiente;2007;14;Presencial;01/04/2020;13/02/2020;True;ok
CB-015808-5;134;Aceptado;2007;14;Presencial;01/04/2020;25/11/2019;True;ok
CB-015962-6;134;Pendiente;2007;14;Presencial;01/04/2020;10/12/2019;True;ok
CB-016777-7;134;Aceptado;2007;14;Presencial;01/04/2020;10/03/2020;True;ok
CD-014456-7;135;Aceptado;1996b;7;Presencial;01/04/2020;10/02/2020;True;ok
CD-012260-1;135;Pendiente;1996b;7;Presencial;01/04/2020;10/02/2020;True;ok
CD-009402-1;135;Aceptado;1996b;7;Presencial;01/04/2020;28/02/2020;True;ok
CD-015670-1;135;Aceptado;1996b;7;Presencial;01/04/2020;13/02/2020;True;ok
CD-011569-9;135;Aceptado;1996b;7;Presencial;01/04/2020;14/02/2020;True;ok
CD-010756-4;135;Aceptado;1996b;7;Presencial;01/04/2020;04/11/2019;True;ok
CD-016333-2;135;Pendiente;1996b;7;Presencial;01/04/2020;18/12/2019;True;ok
CD-016641-2;135;Aceptado;1996b;7;Presencial;01/04/2020;14/02/2020;True;ok
CD-016739-7;135;Aceptado;1996b;7;Presencial;01/04/2020;21/02/2020;True;ok
CD-102130-2;135;Aceptado;1996b;7;Presencial;01/04/2020;22/11/2019;True;ok
CD-014598-9;135;Aceptado;1996b;7;Presencial;01/04/2020;14/02/2020;True;ok
CD-016293-0;135;Aceptado;1996b;7;Presencial;01/04/2020;21/11/2019;True;ok
CD-010296-1;135;Aceptado;1996b;7;Presencial;01/04/2020;13/02/2020;True;ok
CD-016643-9;135;Pendiente;1996b;7;Presencial;01/04/2020;14/02/2020;True;ok
CD-016631-5;135;Aceptado;1996b;7;Presencial;01/04/2020;12/02/2020;True;ok
CD-011431-5;135;Aceptado;1996b;7;Presencial;01/04/2020;21/02/2020;True;ok
CD-008260-0;135;Aceptado;1996b;7;Presencial;01/04/2020;20/11/2019;True;ok
CD-013823-1;135;Aceptado;1996b;7;Presencial;01/04/2020;21/11/2019;True;ok
CD-016642-1;135;Aceptado;1996b;7;Presencial;01/04/2020;14/02/2020;True;ok
CD-015345-1;135;Pendiente;1996b;7;Presencial;01/04/2020;21/02/2020;True;ok
CD-010348-8;135;Aceptado;1996b;7;Presencial;01/04/2020;28/02/2020;True;ok
CD-016621-8;135;Aceptado;1996b;7;Presencial;01/04/2020;10/02/2020;True;ok
CD-016303-1;135;Aceptado;1996b;7;Presencial;01/04/2020;03/12/2019;True;ok
CD-016606-4;135;Aceptado;1996b;7;Presencial;01/04/2020;04/02/2020;True;ok
CD-016311-1;135;Aceptado;1996b;7;Presencial;01/04/2020;11/12/2019;True;ok
CD-016608-1;135;Pendiente;1996b;7;Presencial;01/04/2020;05/02/2020;True;ok
CD-005703-6;135;Aceptado;1996b;7;Presencial;01/04/2020;14/02/2020;True;ok
CD-016301-4;135;Aceptado;1996b;7;Presencial;01/04/2020;02/12/2019;True;ok
CD-016645-5;135;Aceptado;1996b;7;Presencial;01/04/2020;14/02/2020;True;ok
CD-016615-3;135;Pendiente;1996b;7;Presencial;01/04/2020;06/02/2020;True;ok
CD-013314-0;135;Aceptado;1996b;7;Presencial;01/04/2020;11/11/2019;True;ok
CD-016630-7;135;Pendiente;1996b;7;Presencial;01/04/2020;12/02/2020;True;ok
CD-008474-2;135;Aceptado;1996b;7;Presencial;01/04/2020;13/02/2020;True;ok
CD-015368-0;135;Aceptado;1996b;7;Presencial;01/04/2020;11/02/2020;True;ok
CD-016309-0;135;Pendiente;1996b;7;Presencial;01/04/2020;10/12/2019;True;ok
CD-008734-2;135;Aceptado;1996b;7;Presencial;01/04/2020;28/02/2020;True;ok
CD-016732-0;135;Aceptado;1996b;7;Presencial;01/04/2020;19/02/2020;True;ok
CD-011437-4;135;Aceptado;1996b;7;Presencial;01/04/2020;28/02/2020;True;ok
CD-008903-5;135;Aceptado;1996b;7;Presencial;01/04/2020;28/02/2020;True;ok
CD-016623-4;135;Pendiente;1996b;7;Presencial;01/04/2020;10/02/2020;True;ok
CD-016330-8;135;Aceptado;1996b;7;Presencial;01/04/2020;17/12/2019;True;ok
CD-015106-7;135;Aceptado;1996b;7;Presencial;01/04/2020;13/02/2020;True;ok
CD-016306-5;135;Aceptado;1996b;7;Presencial;01/04/2020;06/12/2019;True;ok
CD-016334-1;135;Pendiente;1996b;7;Presencial;01/04/2020;18/12/2019;True;ok
CD-016322-7;135;Pendiente;1996b;7;Presencial;01/04/2020;17/12/2019;True;ok
CD-016324-3;135;Aceptado;1996b;7;Presencial;01/04/2020;17/12/2019;True;ok
CD-016605-6;135;Pendiente;1996b;7;Presencial;01/04/2020;04/02/2020;True;ok
CD-008671-1;135;Aceptado;1996b;7;Presencial;01/04/2020;28/02/2020;True;ok
CD-016290-5;135;Pendiente;1996b;7;Presencial;01/04/2020;21/11/2019;True;ok
CD-016628-5;135;Pendiente;1996b;7;Presencial;01/04/2020;12/02/2020;True;ok
CD-016644-7;135;Aceptado;1996b;7;Presencial;01/04/2020;14/02/2020;True;ok
CD-006698-1;135;Aceptado;1996b;7;Presencial;01/04/2020;28/02/2020;True;ok
CD-012937-1;135;Aceptado;1996b;7;Presencial;01/04/2020;22/11/2019;True;ok
CD-016646-3;135;Aceptado;2015;4;Presencial;01/04/2020;21/02/2020;True;ok
CE-016646-1;147;Aceptado;2015;4;Presencial;01/04/2020;21/02/2020;True;ok
CD-012316-1;135;Pendiente;1996b;7;Presencial;01/04/2020;08/11/2019;True;ok
CD-007941-2;135;Aceptado;1996b;7;Presencial;01/04/2020;21/11/2019;True;ok
CD-016730-3;135;Aceptado;1996b;7;Presencial;01/04/2020;19/02/2020;True;ok
CD-016616-1;135;Pendiente;1996b;7;Presencial;01/04/2020;06/02/2020;True;ok
CD-007985-4;135;Aceptado;1996b;7;Presencial;01/04/2020;25/11/2019;True;ok
CD-016738-9;135;Aceptado;1996b;7;Presencial;01/04/2020;21/02/2020;True;ok
CD-016614-5;135;Aceptado;1996b;7;Presencial;01/04/2020;05/02/2020;True;ok
CD-014920-8;135;Aceptado;1996b;7;Presencial;01/04/2020;22/11/2019;True;ok
CD-016769-9;135;Aceptado;1996b;7;Presencial;01/04/2020;06/03/2020;True;ok
CD-016610-2;135;Aceptado;1996b;7;Presencial;01/04/2020;05/02/2020;True;ok
CD-016325-1;135;Aceptado;1996b;7;Presencial;01/04/2020;17/12/2019;True;ok
CD-016632-3;135;Aceptado;1996b;7;Presencial;01/04/2020;13/02/2020;True;ok
CD-016291-3;135;Aceptado;1996b;7;Presencial;01/04/2020;21/11/2019;True;ok
CD-016734-6;135;Aceptado;1996b;7;Presencial;01/04/2020;21/02/2020;True;ok
CD-009440-3;135;Aceptado;1996b;7;Presencial;01/04/2020;28/02/2020;True;ok
CD-011778-1;135;Aceptado;1996b;7;Presencial;01/04/2020;14/02/2020;True;ok
CD-016312-0;135;Pendiente;1996b;7;Presencial;01/04/2020;12/12/2019;True;ok
CD-006746-5;135;Aceptado;1996b;7;Presencial;01/04/2020;06/12/2019;True;ok
CD-008300-2;135;Aceptado;1996b;7;Presencial;01/04/2020;28/02/2020;True;ok
CD-016613-7;135;Aceptado;1996b;7;Presencial;01/04/2020;05/02/2020;True;ok
CD-016635-8;135;Pendiente;1996b;7;Presencial;01/04/2020;14/02/2020;True;ok
CD-010356-9;135;Aceptado;1996b;7;Presencial;01/04/2020;28/02/2020;True;ok
CD-013171-6;135;Aceptado;1996b;7;Presencial;01/04/2020;02/03/2020;True;ok
CD-016766-4;135;Aceptado;1996b;7;Presencial;01/04/2020;28/02/2020;True;ok
CD-016785-1;135;Pendiente;2015;4;Presencial;01/04/2020;29/06/2020;True;err
CE-016785-8;147;Pendiente;2015;4;Presencial;01/04/2020;29/06/2020;True;err
CD-116010-8;135;Aceptado;1996b;7;Presencial;01/04/2020;13/02/2020;True;ok
CD-016618-8;135;Aceptado;1996b;7;Presencial;01/04/2020;06/02/2020;True;ok
CD-016328-6;135;Aceptado;1996b;7;Presencial;01/04/2020;17/12/2019;True;ok
CD-016611-1;135;Aceptado;1996b;7;Presencial;01/04/2020;05/02/2020;True;ok
CD-016728-1;135;Aceptado;1996b;7;Presencial;01/04/2020;19/02/2020;True;ok
CD-016805-9;135;Pendiente;1996b;7;Presencial;01/04/2020;17/09/2020;True;err
CD-016331-6;135;Aceptado;1996b;7;Presencial;01/04/2020;17/12/2019;True;ok
CD-013143-1;135;Aceptado;1996b;7;Presencial;01/04/2020;22/11/2019;True;ok
CD-010385-2;135;Aceptado;1996b;7;Presencial;01/04/2020;27/02/2020;True;ok
CD-016612-9;135;Pendiente;1996b;7;Presencial;01/04/2020;05/02/2020;True;ok
CD-016284-1;135;Aceptado;1996b;7;Presencial;01/04/2020;19/11/2019;True;ok
CD-016335-9;135;Aceptado;1996b;7;Presencial;01/04/2020;18/12/2019;True;ok
CD-013018-3;135;Aceptado;1996b;7;Presencial;01/04/2020;21/11/2019;True;ok
CD-016638-2;135;Aceptado;1996b;7;Presencial;01/04/2020;14/02/2020;True;ok
CD-010903-6;135;Aceptado;1996b;7;Presencial;01/04/2020;19/11/2019;True;ok
CD-016288-3;135;Aceptado;1996b;7;Presencial;01/04/2020;20/11/2019;True;ok
CD-009317-2;135;Aceptado;1996b;7;Presencial;01/04/2020;28/02/2020;True;ok
CD-017512-8;135;Aceptado;1996b;7;Presencial;01/04/2020;19/05/2020;True;err
CD-016308-1;135;Pendiente;1996b;7;Presencial;01/04/2020;10/12/2019;True;ok
CD-011504-4;135;Pendiente;1996b;7;Presencial;01/04/2020;28/02/2020;True;ok
CD-004192-0;135;Aceptado;1996b;7;Presencial;01/04/2020;28/02/2020;True;ok
CD-008185-9;135;Aceptado;1996b;7;Presencial;01/04/2020;21/11/2019;True;ok
CD-016305-7;135;Pendiente;1996b;7;Presencial;01/04/2020;04/12/2019;True;ok
CD-016619-6;135;Pendiente;1996b;7;Presencial;01/04/2020;06/02/2020;True;ok
CD-009379-2;135;Aceptado;1996b;7;Presencial;01/04/2020;28/02/2020;True;ok
CD-016625-1;135;Aceptado;1996b;7;Presencial;01/04/2020;11/02/2020;True;ok
CD-013947-4;135;Aceptado;1996b;7;Presencial;01/04/2020;22/11/2019;True;ok
CD-015135-1;135;Aceptado;1996b;7;Presencial;01/04/2020;13/11/2019;True;ok
CD-016624-2;135;Aceptado;1996b;7;Presencial;01/04/2020;11/02/2020;True;ok
CD-016319-7;135;Aceptado;1996b;7;Presencial;01/04/2020;16/12/2019;True;ok
CD-009190-1;135;Aceptado;1996b;7;Presencial;01/04/2020;22/11/2019;True;ok
CD-016320-1;135;Aceptado;1996b;7;Presencial;01/04/2020;16/12/2019;True;ok
CD-016735-4;135;Aceptado;1996b;7;Presencial;01/04/2020;21/02/2020;True;ok
CD-016307-3;135;Aceptado;1996b;7;Presencial;01/04/2020;09/12/2019;True;ok
CD-106744-2;135;Pendiente;1996b;7;Presencial;01/04/2020;25/11/2019;True;ok
CD-006017-7;135;Aceptado;1996b;7;Presencial;01/04/2020;20/11/2019;True;ok
CD-008073-9;135;Aceptado;1996b;7;Presencial;01/04/2020;22/11/2019;True;ok
CD-016299-9;135;Aceptado;1996b;7;Presencial;01/04/2020;26/11/2019;True;ok
CD-009252-4;135;Aceptado;1996b;7;Presencial;01/04/2020;22/11/2019;True;ok
CD-007387-2;135;Aceptado;1996b;7;Presencial;01/04/2020;15/11/2019;True;ok
CD-007444-5;135;Aceptado;1996b;7;Presencial;01/04/2020;25/11/2019;True;ok
CD-012787-5;135;Pendiente;1996b;7;Presencial;01/04/2020;28/02/2020;True;ok
CD-007275-2;135;Aceptado;1996b;7;Presencial;01/04/2020;25/11/2019;True;ok
CD-015678-6;135;Aceptado;1996b;7;Presencial;01/04/2020;28/02/2020;True;ok
CD-010800-5;135;Aceptado;1996b;7;Presencial;01/04/2020;10/02/2020;True;ok
CD-016622-6;135;Aceptado;2015;4;Presencial;01/04/2020;10/02/2020;True;ok
CE-016622-3;147;Aceptado;2015;4;Presencial;01/04/2020;10/02/2020;True;ok
CD-011609-1;135;Pendiente;1996b;7;Presencial;01/04/2020;28/02/2020;True;ok
CD-016321-9;135;Aceptado;1996b;7;Presencial;01/04/2020;16/12/2019;True;ok
CD-016639-1;135;Aceptado;1996b;7;Presencial;01/04/2020;14/02/2020;True;ok
CD-010315-1;135;Aceptado;1996b;7;Presencial;01/04/2020;28/02/2020;True;ok
CD-011724-1;135;Aceptado;1996b;7;Presencial;01/04/2020;27/02/2020;True;ok
CD-016304-9;135;Aceptado;1996b;7;Presencial;01/04/2020;03/12/2019;True;ok
CD-016620-0;135;Aceptado;1996b;7;Presencial;01/04/2020;10/02/2020;True;ok
CD-016768-1;135;Pendiente;1996b;7;Presencial;01/04/2020;04/03/2020;True;ok
CD-009278-8;135;Aceptado;1996b;7;Presencial;01/04/2020;20/11/2019;True;ok
CD-016296-4;135;Aceptado;1996b;7;Presencial;01/04/2020;22/11/2019;True;ok
CD-016629-3;135;Pendiente;1996b;7;Presencial;01/04/2020;12/02/2020;True;ok
CD-014298-0;135;Aceptado;1996b;7;Presencial;01/04/2020;21/11/2019;True;ok
CD-012292-0;135;Aceptado;1996b;7;Presencial;01/04/2020;21/11/2019;True;ok
CD-013038-8;135;Aceptado;1996b;7;Presencial;01/04/2020;10/02/2020;True;ok
CD-016292-1;135;Aceptado;1996b;7;Presencial;01/04/2020;21/11/2019;True;ok
CD-016326-0;135;Aceptado;1996b;7;Presencial;01/04/2020;17/12/2019;True;ok
CD-016636-6;135;Aceptado;1996b;7;Presencial;01/04/2020;14/02/2020;True;ok
CD-016329-4;135;Pendiente;1996b;7;Presencial;01/04/2020;17/12/2019;True;ok
CD-010805-6;135;Aceptado;1996b;7;Presencial;01/04/2020;15/11/2019;True;ok
CD-013154-6;135;Aceptado;1996b;7;Presencial;01/04/2020;12/02/2020;True;ok
CD-016633-1;135;Aceptado;1996b;7;Presencial;01/04/2020;13/02/2020;True;ok
CD-008002-0;135;Aceptado;1996b;7;Presencial;01/04/2020;20/11/2019;True;ok
CD-011038-7;135;Aceptado;1996b;7;Presencial;01/04/2020;28/02/2020;True;ok
CD-010750-5;135;Aceptado;1996b;7;Presencial;01/04/2020;22/11/2019;True;ok
CD-016627-7;135;Aceptado;1996b;7;Presencial;01/04/2020;12/02/2020;True;ok
CD-016729-0;135;Aceptado;1996b;7;Presencial;01/04/2020;19/02/2020;True;ok
CD-012611-9;135;Aceptado;1996b;7;Presencial;01/04/2020;28/02/2020;True;ok
CD-016287-5;135;Pendiente;1996b;7;Presencial;01/04/2020;19/11/2019;True;ok
CD-006256-1;135;Aceptado;1996b;7;Presencial;01/04/2020;28/02/2020;True;ok
CD-016300-6;135;Aceptado;1996b;7;Presencial;01/04/2020;02/12/2019;True;ok
CD-010761-1;135;Aceptado;1996b;7;Presencial;01/04/2020;28/02/2020;True;ok
CD-016295-6;135;Aceptado;1996b;7;Presencial;01/04/2020;22/11/2019;True;ok
CD-015167-9;135;Aceptado;1996b;7;Presencial;01/04/2020;21/02/2020;True;ok
CD-010900-1;135;Aceptado;1996b;7;Presencial;01/04/2020;27/02/2020;True;ok
CD-016289-1;135;Aceptado;1996b;7;Presencial;01/04/2020;20/11/2019;True;ok
CD-007315-5;135;Aceptado;1996b;7;Presencial;01/04/2020;28/02/2020;True;ok
CD-016315-4;135;Pendiente;1996b;7;Presencial;01/04/2020;13/12/2019;True;ok
CD-013811-7;135;Aceptado;1996b;7;Presencial;01/04/2020;21/11/2019;True;ok
CD-016298-1;135;Aceptado;1996b;7;Presencial;01/04/2020;26/11/2019;True;ok
CD-013948-2;135;Aceptado;1996b;7;Presencial;01/04/2020;22/11/2019;True;ok
CD-016323-5;135;Aceptado;2015;4;Presencial;01/04/2020;17/12/2019;True;ok
CE-016323-2;147;Aceptado;2015;4;Presencial;01/04/2020;17/12/2019;True;ok
CD-016780-0;135;Pendiente;1996b;7;Presencial;01/04/2020;09/03/2020;True;ok
CD-013584-3;135;Aceptado;1996b;7;Presencial;01/04/2020;22/11/2019;True;ok
CD-016332-4;135;Aceptado;1996b;7;Presencial;01/04/2020;18/12/2019;True;ok
CD-006016-9;135;Aceptado;1996b;7;Presencial;01/04/2020;28/02/2020;True;ok
CD-012931-2;135;Aceptado;1996b;7;Presencial;01/04/2020;20/02/2020;True;ok
CD-016286-7;135;Aceptado;1996b;7;Presencial;01/04/2020;19/11/2019;True;ok
CD-009214-1;135;Aceptado;1996b;7;Presencial;01/04/2020;25/11/2019;True;ok
CD-008272-3;135;Aceptado;1996b;7;Presencial;01/04/2020;28/02/2020;True;ok
CD-012862-6;135;Aceptado;1996b;7;Presencial;01/04/2020;17/02/2020;True;ok
CD-014893-7;135;Aceptado;1996b;7;Presencial;01/04/2020;21/11/2019;True;ok
CD-005354-5;135;Aceptado;1996b;7;Presencial;01/04/2020;03/02/2020;True;ok
CD-013865-6;135;Aceptado;1996b;7;Presencial;01/04/2020;21/11/2019;True;ok
CD-011676-8;135;Aceptado;1996b;7;Presencial;01/04/2020;25/11/2019;True;ok
CD-016314-6;135;Aceptado;1996b;7;Presencial;01/04/2020;12/12/2019;True;ok
CD-012493-1;135;Aceptado;1996b;7;Presencial;01/04/2020;22/11/2019;True;ok
CD-016302-2;135;Aceptado;1996b;7;Presencial;01/04/2020;02/12/2019;True;ok
CD-009694-5;135;Aceptado;1996b;7;Presencial;01/04/2020;25/11/2019;True;ok
CD-010811-1;135;Aceptado;1996b;7;Presencial;01/04/2020;28/02/2020;True;ok
CD-016318-9;135;Pendiente;1996b;7;Presencial;01/04/2020;16/12/2019;True;ok
CD-013568-1;135;Aceptado;1996b;7;Presencial;01/04/2020;14/02/2020;True;ok
CD-016731-1;135;Aceptado;1996b;7;Presencial;01/04/2020;19/02/2020;True;ok
CD-016737-1;135;Pendiente;1996b;7;Presencial;01/04/2020;21/02/2020;True;ok
CD-016740-1;135;Pendiente;1996b;7;Presencial;01/04/2020;21/02/2020;True;ok
CD-016317-1;135;Pendiente;1996b;7;Presencial;01/04/2020;16/12/2019;True;ok
CD-016767-2;135;Aceptado;1996b;7;Presencial;01/04/2020;03/03/2020;True;ok
CD-016637-4;135;Pendiente;1996b;7;Presencial;01/04/2020;14/02/2020;True;ok
CD-016733-8;135;Pendiente;1996b;7;Presencial;01/04/2020;21/02/2020;True;ok
CD-013810-9;135;Aceptado;1996b;7;Presencial;01/04/2020;20/11/2019;True;ok
CD-016310-3;135;Pendiente;1996b;7;Presencial;01/04/2020;11/12/2019;True;ok
CD-007520-4;135;Pendiente;1996b;7;Presencial;01/04/2020;25/11/2019;True;ok
CD-014188-6;135;Aceptado;1996b;7;Presencial;01/04/2020;11/02/2020;True;ok
CD-015131-8;135;Aceptado;1996b;7;Presencial;01/04/2020;13/02/2020;True;ok
CD-016336-7;135;Aceptado;1996b;7;Presencial;01/04/2020;18/12/2019;True;ok
CD-016313-8;135;Pendiente;1996b;7;Presencial;01/04/2020;12/12/2019;True;ok
CD-008243-0;135;Aceptado;1996b;7;Presencial;01/04/2020;25/11/2019;True;ok
CD-016736-2;135;Pendiente;1996b;7;Presencial;01/04/2020;21/02/2020;True;ok
CD-016634-0;135;Aceptado;1996b;7;Presencial;01/04/2020;13/02/2020;True;ok
CD-016297-2;135;Aceptado;2015;4;Presencial;01/04/2020;25/11/2019;True;ok
CE-016297-0;147;Aceptado;2015;4;Presencial;01/04/2020;25/11/2019;True;ok
CD-014804-0;135;Aceptado;1996b;7;Presencial;01/04/2020;20/11/2019;True;ok
CD-016617-0;135;Aceptado;1996b;7;Presencial;01/04/2020;06/02/2020;True;ok
CD-016285-9;135;Aceptado;1996b;7;Presencial;01/04/2020;19/11/2019;True;ok
CD-016640-4;135;Aceptado;1996b;7;Presencial;01/04/2020;14/02/2020;True;ok
CD-002987-3;135;Aceptado;1996b;7;Presencial;01/04/2020;28/02/2020;True;ok
CD-006825-9;135;Aceptado;1996b;7;Presencial;01/04/2020;25/11/2019;True;ok
CD-014628-4;135;Pendiente;1996b;7;Presencial;01/04/2020;22/11/2019;True;ok
CD-016626-9;135;Aceptado;1996b;7;Presencial;01/04/2020;12/02/2020;True;ok
CD-016294-8;135;Aceptado;1996b;7;Presencial;01/04/2020;21/11/2019;True;ok
CD-016607-2;135;Aceptado;1996b;7;Presencial;01/04/2020;04/02/2020;True;ok
CD-016316-2;135;Pendiente;1996b;7;Presencial;01/04/2020;16/12/2019;True;ok
CD-016609-9;135;Aceptado;1996b;7;Presencial;01/04/2020;05/02/2020;True;ok
CD-009094-7;135;Aceptado;1996b;7;Presencial;01/04/2020;22/11/2019;True;ok
CD-016337-5;135;Pendiente;1996b;7;Presencial;01/04/2020;18/12/2019;True;ok
CC-016281-2;143;Aceptado;2007;17;Presencial;01/04/2020;17/12/2019;True;ok
CC-016251-1;143;Aceptado;2007;17;Presencial;01/04/2020;25/11/2019;True;ok
CC-016594-3;143;Pendiente;2007;17;Presencial;01/04/2020;10/02/2020;True;ok
CC-016250-2;143;Aceptado;2007;17;Presencial;01/04/2020;19/11/2019;True;ok
CC-014165-3;143;Pendiente;2007;17;Presencial;01/04/2020;22/11/2019;True;ok
CC-016282-1;143;Aceptado;2007;17;Presencial;01/04/2020;18/12/2019;True;ok
CC-016585-4;143;Pendiente;2007;17;Presencial;01/04/2020;04/02/2020;True;ok
CC-010703-0;143;Aceptado;2007;17;Presencial;01/04/2020;20/11/2019;True;ok
CC-016279-1;143;Aceptado;2007;17;Presencial;01/04/2020;16/12/2019;True;ok
CC-016578-1;143;Aceptado;2007;17;Presencial;01/04/2020;04/02/2020;True;ok
CC-012642-5;143;Aceptado;2007;17;Presencial;01/04/2020;19/11/2019;True;ok
CC-016261-8;143;Aceptado;2007;17;Presencial;01/04/2020;06/12/2019;True;ok
CC-009960-6;143;Aceptado;2007;17;Presencial;01/04/2020;21/11/2019;True;ok
CC-000670-5;143;Aceptado;2007;17;Presencial;01/04/2020;22/11/2019;True;ok
CC-014639-6;143;Aceptado;2007;17;Presencial;01/04/2020;13/02/2020;True;ok
CC-013979-9;143;Aceptado;2007;17;Presencial;01/04/2020;27/02/2020;True;ok
CC-011624-1;143;Aceptado;2007;17;Presencial;01/04/2020;27/02/2020;True;ok
CC-016280-4;143;Pendiente;2007;17;Presencial;01/04/2020;17/12/2019;True;ok
CC-016265-1;143;Aceptado;2007;17;Presencial;01/04/2020;09/12/2019;True;ok
CC-014638-8;143;Aceptado;2007;17;Presencial;01/04/2020;11/02/2020;True;ok
CC-016275-8;143;Pendiente;2007;17;Presencial;01/04/2020;13/12/2019;True;ok
CC-016278-2;143;Pendiente;2007;17;Presencial;01/04/2020;16/12/2019;True;ok
CC-010271-2;143;Aceptado;2007;17;Presencial;01/04/2020;22/11/2019;True;ok
CC-015568-9;143;Pendiente;2007;17;Presencial;01/04/2020;10/02/2020;True;ok
CC-016601-0;143;Aceptado;2007;17;Presencial;01/04/2020;13/02/2020;True;ok
CC-016589-7;143;Aceptado;2007;17;Presencial;01/04/2020;05/02/2020;True;ok
CC-016271-5;143;Pendiente;2007;17;Presencial;01/04/2020;12/12/2019;True;ok
CC-016590-1;143;Aceptado;2007;17;Presencial;01/04/2020;06/02/2020;True;ok
CC-011946-1;143;Aceptado;2007;17;Presencial;01/04/2020;21/11/2019;True;ok
CC-014423-7;143;Aceptado;2007;17;Presencial;01/04/2020;22/11/2019;True;ok
CC-016588-9;143;Aceptado;2007;17;Presencial;01/04/2020;05/02/2020;True;ok
CC-016253-7;143;Aceptado;2007;17;Presencial;01/04/2020;28/11/2019;True;ok
CC-016259-6;143;Pendiente;2007;17;Presencial;01/04/2020;03/12/2019;True;ok
CC-016270-7;143;Pendiente;2007;17;Presencial;01/04/2020;11/12/2019;True;ok
CC-016260-0;143;Aceptado;2007;17;Presencial;01/04/2020;05/12/2019;True;ok
CC-016254-5;143;Pendiente;2007;17;Presencial;01/04/2020;29/11/2019;True;ok
CC-002980-2;143;Aceptado;2007;17;Presencial;01/04/2020;28/02/2020;True;ok
CC-110698-3;143;Pendiente;2007;17;Presencial;01/04/2020;21/11/2019;True;ok
CC-016584-6;143;Aceptado;2007;17;Presencial;01/04/2020;04/02/2020;True;ok
CC-016586-2;143;Pendiente;2007;17;Presencial;01/04/2020;04/02/2020;True;ok
CC-016258-8;143;Aceptado;2007;17;Presencial;01/04/2020;03/12/2019;True;ok
CC-000451-6;143;Aceptado;2007;17;Presencial;01/04/2020;22/11/2019;True;ok
CC-016591-9;143;Pendiente;2007;17;Presencial;01/04/2020;06/02/2020;True;ok
CC-017513-2;143;Aceptado;2007;17;Presencial;01/04/2020;19/05/2020;True;err
CC-016268-5;143;Pendiente;2007;17;Presencial;01/04/2020;11/12/2019;True;ok
CC-016599-4;143;Aceptado;2007;17;Presencial;01/04/2020;13/02/2020;True;ok
CC-016592-7;143;Aceptado;2007;17;Presencial;01/04/2020;10/02/2020;True;ok
CC-016263-4;143;Pendiente;2007;17;Presencial;01/04/2020;06/12/2019;True;ok
CC-016581-1;143;Pendiente;2007;17;Presencial;01/04/2020;04/02/2020;True;ok
CC-016273-1;143;Aceptado;2007;17;Presencial;01/04/2020;13/12/2019;True;ok
CC-016257-0;143;Aceptado;2007;17;Presencial;01/04/2020;03/12/2019;True;ok
CC-012525-9;143;Aceptado;2007;17;Presencial;01/04/2020;11/11/2019;True;ok
CC-016267-7;143;Pendiente;2007;17;Presencial;01/04/2020;11/12/2019;True;ok
CC-012318-3;143;Aceptado;2007;17;Presencial;01/04/2020;22/11/2019;True;ok
CC-016256-1;143;Pendiente;2007;17;Presencial;01/04/2020;03/12/2019;True;ok
CC-016579-0;143;Aceptado;2007;17;Presencial;01/04/2020;04/02/2020;True;ok
CC-016276-6;143;Pendiente;2007;17;Presencial;01/04/2020;16/12/2019;True;ok
CC-016252-9;143;Aceptado;2007;17;Presencial;01/04/2020;27/11/2019;True;ok
CC-017514-1;143;Pendiente;2007;17;Presencial;01/04/2020;19/05/2020;True;err
CC-016274-0;143;Pendiente;2007;17;Presencial;01/04/2020;13/12/2019;True;ok
CC-016283-9;143;Pendiente;2007;17;Presencial;01/04/2020;18/12/2019;True;ok
CC-016255-3;143;Pendiente;2007;17;Presencial;01/04/2020;02/12/2019;True;ok
CC-016598-6;143;Aceptado;2007;17;Presencial;01/04/2020;13/02/2020;True;ok
CC-011560-1;143;Aceptado;2007;17;Presencial;01/04/2020;27/02/2020;True;ok
CC-017752-6;143;Aceptado;2007;17;Presencial;01/04/2020;17/02/2020;True;ok
CC-016602-8;143;Aceptado;2007;17;Presencial;01/04/2020;13/02/2020;True;ok
CC-016596-0;143;Aceptado;2007;17;Presencial;01/04/2020;12/02/2020;True;ok
CC-016264-2;143;Pendiente;2007;17;Presencial;01/04/2020;09/12/2019;True;ok
CC-016600-1;143;Aceptado;2007;17;Presencial;01/04/2020;13/02/2020;True;ok
CE-016600-2;147;Aceptado;2007;17;Presencial;01/04/2020;13/02/2020;True;ok
CC-016266-9;143;Pendiente;2007;17;Presencial;01/04/2020;10/12/2019;True;ok
CC-016587-1;143;Aceptado;2007;17;Presencial;01/04/2020;04/02/2020;True;ok
CC-016582-0;143;Pendiente;2007;17;Presencial;01/04/2020;04/02/2020;True;ok
CC-016597-8;143;Aceptado;2007;17;Presencial;01/04/2020;12/02/2020;True;ok
CC-016595-1;143;Aceptado;2007;17;Presencial;01/04/2020;12/02/2020;True;ok
CC-016781-4;143;Aceptado;2007;17;Presencial;01/04/2020;12/03/2020;True;ok
CC-016793-8;143;Aceptado;2007;17;Presencial;01/04/2020;13/08/2020;True;err
CC-016272-3;143;Pendiente;2007;17;Presencial;01/04/2020;12/12/2019;True;ok
CC-016604-4;143;Aceptado;2007;17;Presencial;01/04/2020;14/02/2020;True;ok
CC-016277-4;143;Pendiente;2007;17;Presencial;01/04/2020;16/12/2019;True;ok
CC-001703-1;143;Aceptado;2007;17;Presencial;01/04/2020;10/02/2020;True;ok
CC-003545-4;143;Aceptado;2007;17;Presencial;01/04/2020;27/02/2020;True;ok
CC-011733-7;143;Aceptado;2007;17;Presencial;01/04/2020;20/11/2019;True;ok
CC-016603-6;143;Pendiente;2007;17;Presencial;01/04/2020;14/02/2020;True;ok
CE-016603-7;147;Pendiente;2007;17;Presencial;01/04/2020;14/02/2020;True;ok
CC-016583-8;143;Aceptado;2007;17;Presencial;01/04/2020;04/02/2020;True;ok
CC-016269-3;143;Aceptado;2007;17;Presencial;01/04/2020;11/12/2019;True;ok
CE-016269-4;147;Aceptado;2007;17;Presencial;01/04/2020;11/12/2019;True;ok
CC-016593-5;143;Pendiente;2007;17;Presencial;01/04/2020;10/02/2020;True;ok
CC-010289-5;143;Aceptado;2007;17;Presencial;01/04/2020;22/11/2019;True;ok
CC-016580-3;143;Pendiente;2007;17;Presencial;01/04/2020;04/02/2020;True;ok
CC-016262-6;143;Pendiente;2007;17;Presencial;01/04/2020;06/12/2019;True;ok
CE-016651-7;147;Aceptado;2015;4;Presencial;01/04/2020;04/02/2020;True;ok
CE-013395-3;147;Aceptado;2015;4;Presencial;01/04/2020;14/02/2020;True;ok
CE-016353-4;147;Pendiente;2015;4;Presencial;01/04/2020;04/12/2019;True;ok
CE-016381-0;147;Aceptado;2015;4;Presencial;01/04/2020;17/12/2019;True;ok
CE-016711-4;147;Aceptado;2015;4;Presencial;01/04/2020;20/02/2020;True;ok
CE-016354-2;147;Aceptado;2015;4;Presencial;01/04/2020;04/12/2019;True;ok
CE-016379-8;147;Aceptado;2015;4;Presencial;01/04/2020;17/12/2019;True;ok
CE-016685-1;147;Pendiente;2015;4;Presencial;01/04/2020;13/02/2020;True;ok
CE-016787-4;147;Pendiente;2015;4;Presencial;01/04/2020;08/07/2020;True;err
CE-008091-4;147;Aceptado;2015;4;Presencial;01/04/2020;27/02/2020;True;ok
CE-016675-4;147;Pendiente;2015;4;Presencial;01/04/2020;12/02/2020;True;ok
CE-016719-0;147;Pendiente;2015;4;Presencial;01/04/2020;21/02/2020;True;ok
CE-016756-4;147;Aceptado;2015;4;Presencial;01/04/2020;27/02/2020;True;ok
CE-011533-5;147;Aceptado;2015;4;Presencial;01/04/2020;27/02/2020;True;ok
CE-016709-2;147;Aceptado;2015;4;Presencial;01/04/2020;19/02/2020;True;ok
CE-016370-4;147;Pendiente;2015;4;Presencial;01/04/2020;13/12/2019;True;ok
CE-016718-1;147;Pendiente;2015;4;Presencial;01/04/2020;21/02/2020;True;ok
CE-011049-0;147;Aceptado;2015;4;Presencial;01/04/2020;14/02/2020;True;ok
CE-016390-9;147;Pendiente;2015;4;Presencial;01/04/2020;18/12/2019;True;ok
CE-016669-0;147;Pendiente;2015;4;Presencial;01/04/2020;11/02/2020;True;ok
CE-016694-1;147;Aceptado;2015;4;Presencial;01/04/2020;14/02/2020;True;ok
CE-001003-7;147;Aceptado;2015;4;Presencial;01/04/2020;27/02/2020;True;ok
CE-016725-4;147;Pendiente;2015;4;Presencial;01/04/2020;21/02/2020;True;ok
CE-016384-4;147;Aceptado;2015;4;Presencial;01/04/2020;17/12/2019;True;ok
CE-016784-0;147;Pendiente;2015;4;Presencial;01/04/2020;12/03/2020;True;ok
CE-016382-8;147;Aceptado;2015;4;Presencial;01/04/2020;17/12/2019;True;ok
CE-016699-1;147;Aceptado;2015;4;Presencial;01/04/2020;14/02/2020;True;ok
CE-016773-4;147;Pendiente;2015;4;Presencial;01/04/2020;03/03/2020;True;ok
CE-011044-9;147;Aceptado;2015;4;Presencial;01/04/2020;27/02/2020;True;ok
CE-012696-5;147;Aceptado;2015;4;Presencial;01/04/2020;04/03/2020;True;ok
CE-016376-3;147;Pendiente;2015;4;Presencial;01/04/2020;16/12/2019;True;ok
CE-014609-5;147;Aceptado;2015;4;Presencial;01/04/2020;12/02/2020;True;ok
CE-016691-6;147;Aceptado;2015;4;Presencial;01/04/2020;14/02/2020;True;ok
CE-009122-3;147;Aceptado;2015;4;Presencial;01/04/2020;27/02/2020;True;ok
CE-016652-5;147;Pendiente;2015;4;Presencial;01/04/2020;04/02/2020;True;ok
CE-008342-5;147;Aceptado;2015;4;Presencial;01/04/2020;05/11/2019;True;ok
CE-016653-3;147;Pendiente;2015;4;Presencial;01/04/2020;05/02/2020;True;ok
CE-016350-0;147;Pendiente;2015;4;Presencial;01/04/2020;03/12/2019;True;ok
CE-016702-5;147;Pendiente;2015;4;Presencial;01/04/2020;14/02/2020;True;ok
CE-016659-2;147;Aceptado;2015;4;Presencial;01/04/2020;06/02/2020;True;ok
CE-016366-6;147;Aceptado;2015;4;Presencial;01/04/2020;12/12/2019;True;ok
CE-016654-1;147;Aceptado;2015;4;Presencial;01/04/2020;05/02/2020;True;ok
CE-016349-6;147;Aceptado;2015;4;Presencial;01/04/2020;28/11/2019;True;ok
CE-017515-0;147;Aceptado;2015;4;Presencial;01/04/2020;19/05/2020;True;err
CE-017516-8;147;Aceptado;2015;4;Presencial;01/04/2020;19/05/2020;True;err
CE-016723-8;147;Pendiente;2015;4;Presencial;01/04/2020;21/02/2020;True;ok
CE-016667-3;147;Aceptado;2015;4;Presencial;01/04/2020;11/02/2020;True;ok
CE-016770-0;147;Pendiente;2015;4;Presencial;01/04/2020;02/03/2020;True;ok
CE-016673-8;147;Aceptado;2015;4;Presencial;01/04/2020;12/02/2020;True;ok
CE-016700-9;147;Aceptado;2015;4;Presencial;01/04/2020;14/02/2020;True;ok
CE-016794-7;147;Pendiente;2015;4;Presencial;01/04/2020;20/08/2020;True;err
CE-016670-3;147;Aceptado;2015;4;Presencial;01/04/2020;11/02/2020;True;ok
CE-016372-1;147;Aceptado;2015;4;Presencial;01/04/2020;13/12/2019;True;ok
CE-016688-6;147;Aceptado;2015;4;Presencial;01/04/2020;13/02/2020;True;ok
CE-016710-6;147;Pendiente;2015;4;Presencial;01/04/2020;20/02/2020;True;ok
CE-016664-9;147;Aceptado;2015;4;Presencial;01/04/2020;11/02/2020;True;ok
CE-016707-6;147;Aceptado;2015;4;Presencial;01/04/2020;14/02/2020;True;ok
CE-016676-2;147;Pendiente;2015;4;Presencial;01/04/2020;12/02/2020;True;ok
CE-016674-6;147;Pendiente;2015;4;Presencial;01/04/2020;12/02/2020;True;ok
CE-113456-2;147;Aceptado;2015;4;Presencial;01/04/2020;28/02/2020;True;ok
CE-016351-8;147;Aceptado;2015;4;Presencial;01/04/2020;04/12/2019;True;ok
CE-016344-5;147;Aceptado;2015;4;Presencial;01/04/2020;25/11/2019;True;ok
CE-016726-2;147;Pendiente;2015;4;Presencial;01/04/2020;21/02/2020;True;ok
CE-014042-9;147;Aceptado;2015;4;Presencial;01/04/2020;26/08/2020;True;err
CE-016715-7;147;Aceptado;2015;4;Presencial;01/04/2020;21/02/2020;True;ok
CE-016705-0;147;Pendiente;2015;4;Presencial;01/04/2020;14/02/2020;True;ok
CE-016650-9;147;Pendiente;2015;4;Presencial;01/04/2020;04/02/2020;True;ok
CE-016696-7;147;Pendiente;2015;4;Presencial;01/04/2020;14/02/2020;True;ok
CE-016703-3;147;Aceptado;2015;4;Presencial;01/04/2020;14/02/2020;True;ok
CE-016383-6;147;Pendiente;2015;4;Presencial;01/04/2020;17/12/2019;True;ok
CE-016681-9;147;Aceptado;2015;4;Presencial;01/04/2020;13/02/2020;True;ok
CE-016342-9;147;Aceptado;2015;4;Presencial;01/04/2020;22/11/2019;True;ok
CE-016708-4;147;Aceptado;2015;4;Presencial;01/04/2020;14/02/2020;True;ok
CE-016341-1;147;Pendiente;2015;4;Presencial;01/04/2020;21/11/2019;True;ok
CE-016360-7;147;Pendiente;2015;4;Presencial;01/04/2020;06/12/2019;True;ok
CE-016380-1;147;Pendiente;2015;4;Presencial;01/04/2020;17/12/2019;True;ok
CE-016679-7;147;Aceptado;2015;4;Presencial;01/04/2020;13/02/2020;True;ok
CE-017517-6;147;Aceptado;2015;4;Presencial;01/04/2020;19/05/2020;True;err
CE-016358-5;147;Pendiente;2015;4;Presencial;01/04/2020;06/12/2019;True;ok
CE-016755-6;147;Pendiente;2015;4;Presencial;01/04/2020;27/02/2020;True;ok
CE-016657-6;147;Pendiente;2015;4;Presencial;01/04/2020;06/02/2020;True;ok
CE-016724-6;147;Aceptado;2015;4;Presencial;01/04/2020;21/02/2020;True;ok
CE-016355-1;147;Aceptado;2015;4;Presencial;01/04/2020;05/12/2019;True;ok
CE-016377-1;147;Pendiente;2015;4;Presencial;01/04/2020;17/12/2019;True;ok
CE-016658-4;147;Aceptado;2015;4;Presencial;01/04/2020;06/02/2020;True;ok
CE-014026-7;147;Aceptado;2015;4;Presencial;01/04/2020;14/02/2020;True;ok
CE-008831-1;147;Pendiente;2015;4;Presencial;01/04/2020;10/02/2020;True;ok
CE-016689-4;147;Aceptado;2015;4;Presencial;01/04/2020;13/02/2020;True;ok
CE-016357-7;147;Pendiente;2015;4;Presencial;01/04/2020;06/12/2019;True;ok
CE-016356-9;147;Aceptado;2015;4;Presencial;01/04/2020;06/12/2019;True;ok
CE-007957-6;147;Pendiente;2015;4;Presencial;01/04/2020;02/03/2020;True;ok
CE-016671-1;147;Aceptado;2015;4;Presencial;01/04/2020;11/02/2020;True;ok
CE-016720-3;147;Aceptado;2015;4;Presencial;01/04/2020;21/02/2020;True;ok
CE-016678-9;147;Aceptado;2015;4;Presencial;01/04/2020;13/02/2020;True;ok
CE-016373-9;147;Aceptado;2015;4;Presencial;01/04/2020;13/12/2019;True;ok
CE-016771-8;147;Pendiente;2015;4;Presencial;01/04/2020;03/03/2020;True;ok
CE-016655-0;147;Aceptado;2015;4;Presencial;01/04/2020;05/02/2020;True;ok
CE-016374-7;147;Pendiente;2015;4;Presencial;01/04/2020;16/12/2019;True;ok
CE-016682-7;147;Aceptado;2015;4;Presencial;01/04/2020;13/02/2020;True;ok
CE-016385-2;147;Aceptado;2015;4;Presencial;01/04/2020;18/12/2019;True;ok
CE-016363-1;147;Aceptado;2015;4;Presencial;01/04/2020;10/12/2019;True;ok
CE-004505-1;147;Pendiente;2015;4;Presencial;01/04/2020;20/11/2019;True;ok
CE-016364-0;147;Aceptado;2015;4;Presencial;01/04/2020;11/12/2019;True;ok
CE-010877-1;147;Aceptado;2015;4;Presencial;01/04/2020;14/02/2020;True;ok
CE-016687-8;147;Aceptado;2015;4;Presencial;01/04/2020;13/02/2020;True;ok
CE-016378-0;147;Pendiente;2015;4;Presencial;01/04/2020;17/12/2019;True;ok
CE-016367-4;147;Pendiente;2015;4;Presencial;01/04/2020;12/12/2019;True;ok
CE-016684-3;147;Pendiente;2015;4;Presencial;01/04/2020;13/02/2020;True;ok
CE-016683-5;147;Aceptado;2015;4;Presencial;01/04/2020;13/02/2020;True;ok
CE-114644-7;147;Aceptado;2015;4;Presencial;01/04/2020;09/03/2020;True;ok
CE-016716-5;147;Pendiente;2015;4;Presencial;01/04/2020;21/02/2020;True;ok
CE-016713-1;147;Aceptado;2015;4;Presencial;01/04/2020;21/02/2020;True;ok
CE-016386-1;147;Aceptado;2015;4;Presencial;01/04/2020;18/12/2019;True;ok
CE-016672-0;147;Aceptado;2015;4;Presencial;01/04/2020;12/02/2020;True;ok
CE-016365-8;147;Pendiente;2015;4;Presencial;01/04/2020;11/12/2019;True;ok
CE-016706-8;147;Pendiente;2015;4;Presencial;01/04/2020;14/02/2020;True;ok
CE-016662-2;147;Aceptado;2015;4;Presencial;01/04/2020;10/02/2020;True;ok
CE-016704-1;147;Aceptado;2015;4;Presencial;01/04/2020;14/02/2020;True;ok
CE-016697-5;147;Pendiente;2015;4;Presencial;01/04/2020;14/02/2020;True;ok
CE-016695-9;147;Aceptado;2015;4;Presencial;01/04/2020;14/02/2020;True;ok
CE-016701-7;147;Aceptado;2015;4;Presencial;01/04/2020;14/02/2020;True;ok
CE-012986-7;147;Aceptado;2015;4;Presencial;01/04/2020;21/11/2019;True;ok
CE-014948-5;147;Aceptado;2015;4;Presencial;01/04/2020;12/02/2020;True;ok
CE-016361-5;147;Aceptado;2015;4;Presencial;01/04/2020;09/12/2019;True;ok
CE-016692-4;147;Pendiente;2015;4;Presencial;01/04/2020;14/02/2020;True;ok
CE-505406-7;147;Aceptado;2015;4;Presencial;01/04/2020;27/02/2020;True;ok
CE-016368-2;147;Pendiente;2015;4;Presencial;01/04/2020;12/12/2019;True;ok
CE-011107-1;147;Aceptado;2015;4;Presencial;01/04/2020;14/02/2020;True;ok
CE-010696-4;147;Aceptado;2015;4;Presencial;01/04/2020;27/02/2020;True;ok
CE-016348-8;147;Aceptado;2015;4;Presencial;01/04/2020;28/11/2019;True;ok
CE-016387-9;147;Aceptado;2015;4;Presencial;01/04/2020;18/12/2019;True;ok
CE-016362-3;147;Pendiente;2015;4;Presencial;01/04/2020;09/12/2019;True;ok
CE-016388-7;147;Aceptado;2015;4;Presencial;01/04/2020;18/12/2019;True;ok
CE-016389-5;147;Aceptado;2015;4;Presencial;01/04/2020;18/12/2019;True;ok
CE-016782-3;147;Aceptado;2015;4;Presencial;01/04/2020;09/03/2020;True;ok
CE-016661-4;147;Aceptado;2015;4;Presencial;01/04/2020;10/02/2020;True;ok
CE-016375-5;147;Aceptado;2015;4;Presencial;01/04/2020;16/12/2019;True;ok
CE-016338-1;147;Aceptado;2015;4;Presencial;01/04/2020;19/11/2019;True;ok
CE-016722-0;147;Pendiente;2015;4;Presencial;01/04/2020;21/02/2020;True;ok
CE-016680-1;147;Aceptado;2015;4;Presencial;01/04/2020;13/02/2020;True;ok
CE-016690-8;147;Aceptado;2015;4;Presencial;01/04/2020;14/02/2020;True;ok
CE-311033-4;147;Pendiente;2015;4;Presencial;01/04/2020;27/02/2020;True;ok
CE-016352-6;147;Aceptado;2015;4;Presencial;01/04/2020;04/12/2019;True;ok
CE-016660-6;147;Pendiente;2015;4;Presencial;01/04/2020;10/02/2020;True;ok
CE-016686-0;147;Pendiente;2015;4;Presencial;01/04/2020;13/02/2020;True;ok
CE-016677-1;147;Aceptado;2015;4;Presencial;01/04/2020;12/02/2020;True;ok
CE-016712-2;147;Aceptado;2015;4;Presencial;01/04/2020;21/02/2020;True;ok
CE-016648-7;147;Pendiente;2015;4;Presencial;01/04/2020;04/02/2020;True;ok
CE-016663-1;147;Pendiente;2015;4;Presencial;01/04/2020;10/02/2020;True;ok
CE-016647-9;147;Pendiente;2015;4;Presencial;01/04/2020;04/02/2020;True;ok
CE-016772-6;147;Pendiente;2015;4;Presencial;01/04/2020;03/03/2020;True;ok
CE-016698-3;147;Aceptado;2015;4;Presencial;01/04/2020;14/02/2020;True;ok
CE-016693-2;147;Aceptado;2015;4;Presencial;01/04/2020;14/02/2020;True;ok
CE-016371-2;147;Pendiente;2015;4;Presencial;01/04/2020;13/12/2019;True;ok
CE-016359-3;147;Pendiente;2015;4;Presencial;01/04/2020;06/12/2019;True;ok
CE-016343-7;147;Pendiente;2015;4;Presencial;01/04/2020;22/11/2019;True;ok
CE-016666-5;147;Pendiente;2015;4;Presencial;01/04/2020;11/02/2020;True;ok
CE-016369-1;147;Aceptado;2015;4;Presencial;01/04/2020;12/12/2019;True;ok
CE-016656-8;147;Aceptado;2015;4;Presencial;01/04/2020;05/02/2020;True;ok
CE-016774-2;147;Pendiente;2015;4;Presencial;01/04/2020;04/03/2020;True;ok
CE-016714-9;147;Pendiente;2015;4;Presencial;01/04/2020;21/02/2020;True;ok
CE-016665-7;147;Aceptado;2015;4;Presencial;01/04/2020;11/02/2020;True;ok
CE-016345-3;147;Aceptado;2015;4;Presencial;01/04/2020;25/11/2019;True;ok
CE-016668-1;147;Aceptado;2015;4;Presencial;01/04/2020;11/02/2020;True;ok
CE-016346-1;147;Aceptado;2015;4;Presencial;01/04/2020;25/11/2019;True;ok
CE-016717-3;147;Pendiente;2015;4;Presencial;01/04/2020;21/02/2020;True;ok
CE-016721-1;147;Pendiente;2015;4;Presencial;01/04/2020;21/02/2020;True;ok
CE-016649-5;147;Aceptado;2015;4;Presencial;01/04/2020;04/02/2020;True;ok
CE-016783-1;147;Aceptado;2015;4;Presencial;01/04/2020;11/03/2020;True;ok
CE-016775-1;147;Aceptado;2015;4;Presencial;01/04/2020;06/03/2020;True;ok
CE-016727-1;147;Aceptado;2015;4;Presencial;01/04/2020;21/02/2020;True;ok
CE-016347-0;147;Pendiente;2015;4;Presencial;01/04/2020;26/11/2019;True;ok
CE-016340-2;147;Aceptado;2015;4;Presencial;01/04/2020;20/11/2019;True;ok
CE-016339-9;147;Pendiente;2015;4;Presencial;01/04/2020;20/11/2019;True;ok
CA-016391-6;130;Aceptado;2007;14;Presencial;01/04/2020;19/12/2019;True;ok
CA-016741-5;130;Pendiente;2007;14;Presencial;01/04/2020;26/02/2020;True;ok
CA-016742-3;130;Pendiente;2007;14;Presencial;01/04/2020;26/02/2020;True;ok
CB-016393-3;134;Aceptado;2007;14;Presencial;01/04/2020;19/12/2019;True;ok
CB-016394-1;134;Pendiente;2007;14;Presencial;01/04/2020;19/12/2019;True;ok
CB-016758-1;134;Aceptado;2007;14;Presencial;01/04/2020;06/03/2020;True;ok
CB-016392-5;134;Pendiente;2007;14;Presencial;01/04/2020;19/12/2019;True;ok
CB-016757-2;134;Aceptado;2007;14;Presencial;01/04/2020;05/03/2020;True;ok
CB-016746-7;134;Pendiente;2007;14;Presencial;01/04/2020;26/02/2020;True;ok
CB-016745-9;134;Pendiente;2007;14;Presencial;01/04/2020;26/02/2020;True;ok
CB-016743-2;134;Aceptado;2007;14;Presencial;01/04/2020;26/02/2020;True;ok
CB-016744-1;134;Aceptado;2007;14;Presencial;01/04/2020;26/02/2020;True;ok
CC-016395-9;143;Aceptado;2007;17;Presencial;01/04/2020;19/12/2019;True;ok
CC-016759-8;143;Aceptado;2007;17;Presencial;01/04/2020;06/03/2020;True;ok
